payment_id,date,vendor,category,amount
P00001,2024-10-17,"Harlow Print",logistics,858.6
P00002,2024-03-10,"Gilder Travel",facilities,85089.26
P00003,2024-05-31,"Fenwick Legal",materials,4397.52
P00004,2024-01-01,"Corvin Media",services,98306.67
P00005,2024-09-29,"Fenwick Legal",logistics,878.1
P00006,2024-11-18,"Gilder Travel",logistics,4825.9
P00007,2024-12-27,"Fenwick Legal",services,45817.05
P00008,2024-12-05,"Ember IT",logistics,94.56
P00009,2024-08-21,"Alder Supply",facilities,173.91
P00010,2024-02-08,"Brant Logistics",facilities,199.21
P00011,2024-03-15,"Fenwick Legal",logistics,466.74
P00012,2024-07-17,"Harlow Print",software,2426.09
P00013,2024-01-09,"Fenwick Legal",services,27354.54
P00014,2024-08-02,"Alder Supply",facilities,104096.41
P00015,2024-04-26,"Corvin Media",logistics,201.76
P00016,2024-11-04,"Fenwick Legal",logistics,3078.86
P00017,2024-12-14,"Delvin Facilities",logistics,94951.88
P00018,2024-04-10,"Brant Logistics",logistics,43575.88
P00019,2024-12-16,"Corvin Media",materials,3034.42
P00020,2024-11-08,"Brant Logistics",services,227.79
P00021,2024-10-25,"Corvin Media",facilities,26.98
P00022,2024-11-05,"Alder Supply",services,954.05
P00023,2024-09-28,"Alder Supply",materials,2350.81
P00024,2024-11-18,"Gilder Travel",logistics,89.95
P00025,2024-07-20,"Harlow Print",services,130.26
P00026,2024-03-04,"Delvin Facilities",services,5494.87
P00027,2024-03-01,"Alder Supply",services,36526.89
P00028,2024-10-27,"Harlow Print",facilities,30423.89
P00029,2024-04-06,"Corvin Media",software,1170.56
P00030,2024-05-19,"Corvin Media",software,1967.64
P00031,2024-12-20,"Gilder Travel",logistics,62978.74
P00032,2024-05-23,"Fenwick Legal",logistics,116079.6
P00033,2024-07-06,"Corvin Media",facilities,16660.24
P00034,2024-04-08,"Harlow Print",materials,5425.56
P00035,2024-05-05,"Alder Supply",facilities,355.4
P00036,2024-01-27,"Harlow Print",services,43.96
P00037,2024-06-29,"Ember IT",logistics,11700.17
P00038,2024-09-08,"Corvin Media",services,1155.31
P00039,2024-06-06,"Gilder Travel",materials,20.4
P00040,2024-01-03,"Fenwick Legal",materials,626.9
P00041,2024-06-09,"Ember IT",materials,9296.71
P00042,2024-04-26,"Brant Logistics",materials,882.99
P00043,2024-09-27,"Fenwick Legal",software,146.44
P00044,2024-12-06,"Alder Supply",logistics,117761.08
P00045,2024-01-19,"Brant Logistics",services,77178.95
P00046,2024-02-19,"Corvin Media",facilities,185.94
P00047,2024-10-14,"Fenwick Legal",services,39106.04
P00048,2024-05-13,"Fenwick Legal",materials,124.12
P00049,2024-10-21,"Ember IT",software,9661.74
P00050,2024-07-04,"Delvin Facilities",materials,33956.78
P00051,2024-04-22,"Ember IT",software,58.3
P00052,2024-08-01,"Alder Supply",materials,83.72
P00053,2024-03-15,"Ember IT",software,9682.63
P00054,2024-11-25,"Fenwick Legal",software,184348.6
P00055,2024-02-11,"Ember IT",materials,9903.98
P00056,2024-06-05,"Gilder Travel",facilities,5596.24
P00057,2024-09-25,"Corvin Media",logistics,122746.5
P00058,2024-07-09,"Delvin Facilities",materials,41.34
P00059,2024-12-25,"Ember IT",materials,9287.6
P00060,2024-08-08,"Gilder Travel",logistics,370.97
P00061,2024-06-04,"Gilder Travel",services,48.01
P00062,2024-05-03,"Ember IT",services,9555.06
P00063,2024-06-11,"Fenwick Legal",facilities,21080.4
P00064,2024-06-28,"Harlow Print",logistics,4052.6
P00065,2024-01-07,"Ember IT",services,9914.84
P00066,2024-09-23,"Delvin Facilities",software,7357.8
P00067,2024-05-07,"Harlow Print",software,61.09
P00068,2024-01-29,"Fenwick Legal",logistics,23.83
P00069,2024-07-07,"Brant Logistics",logistics,2684.83
P00070,2024-03-02,"Delvin Facilities",materials,6907.3
P00071,2024-08-28,"Brant Logistics",facilities,1848.35
P00072,2024-08-07,"Brant Logistics",materials,241.73
P00073,2024-09-15,"Fenwick Legal",materials,90.09
P00074,2024-02-25,"Brant Logistics",services,116.78
P00075,2024-03-20,"Ember IT",materials,137496.31
P00076,2024-03-12,"Fenwick Legal",services,182624.9
P00077,2024-10-26,"Fenwick Legal",software,1934.88
P00078,2024-10-21,"Alder Supply",logistics,168699.41
P00079,2024-06-28,"Gilder Travel",software,133432.26
P00080,2024-05-27,"Harlow Print",materials,255.72
P00081,2024-10-28,"Harlow Print",facilities,118230.92
P00082,2024-02-03,"Brant Logistics",software,5615.28
P00083,2024-11-29,"Harlow Print",services,9464.28
P00084,2024-04-09,"Brant Logistics",services,1344.51
P00085,2024-04-15,"Ember IT",materials,9971.41
P00086,2024-08-16,"Corvin Media",logistics,13531.92
P00087,2024-12-07,"Fenwick Legal",logistics,988.04
P00088,2024-09-19,"Fenwick Legal",facilities,293.59
P00089,2024-12-11,"Harlow Print",services,343.59
P00090,2024-10-25,"Fenwick Legal",services,2964.87
P00091,2024-06-14,"Alder Supply",logistics,7201.49
P00092,2024-11-12,"Alder Supply",software,9880.28
P00093,2024-02-02,"Corvin Media",software,5023.38
P00094,2024-03-30,"Delvin Facilities",materials,140584.76
P00095,2024-04-23,"Ember IT",services,9449.45
P00096,2024-10-21,"Fenwick Legal",logistics,3744.94
P00097,2024-03-02,"Delvin Facilities",software,70932.35
P00098,2024-01-12,"Harlow Print",facilities,65987.01
P00099,2024-02-27,"Fenwick Legal",software,773.95
P00100,2024-04-18,"Corvin Media",services,1394.25
P00101,2024-02-14,"Ember IT",materials,237.74
P00102,2024-01-13,"Harlow Print",facilities,73892.02
P00103,2024-02-26,"Corvin Media",logistics,19559.56
P00104,2024-07-26,"Gilder Travel",services,8537.57
P00105,2024-07-28,"Brant Logistics",logistics,160445.77
P00106,2024-05-10,"Delvin Facilities",software,120.09
P00107,2024-05-18,"Delvin Facilities",software,2055.09
P00108,2024-04-18,"Ember IT",logistics,298.93
P00109,2024-09-14,"Fenwick Legal",materials,41652.83
P00110,2024-10-14,"Delvin Facilities",services,4431.1
P00111,2024-04-03,"Alder Supply",services,1766.38
P00112,2024-05-08,"Fenwick Legal",software,14216.23
P00113,2024-02-20,"Corvin Media",facilities,41272.55
P00114,2024-06-09,"Fenwick Legal",services,113449.5
P00115,2024-08-29,"Brant Logistics",services,4097.54
P00116,2024-08-20,"Corvin Media",services,985.26
P00117,2024-05-25,"Ember IT",facilities,58.37
P00118,2024-08-31,"Brant Logistics",facilities,79.21
P00119,2024-05-29,"Delvin Facilities",facilities,12448.44
P00120,2024-03-18,"Fenwick Legal",facilities,928.12
P00121,2024-11-15,"Delvin Facilities",materials,147949.76
P00122,2024-01-29,"Harlow Print",software,20431.44
P00123,2024-12-29,"Brant Logistics",materials,2127.84
P00124,2024-04-16,"Brant Logistics",facilities,2068.53
P00125,2024-04-25,"Alder Supply",facilities,53578.85
P00126,2024-06-01,"Harlow Print",materials,262.14
P00127,2024-01-26,"Harlow Print",facilities,56.1
P00128,2024-03-15,"Ember IT",services,9300.16
P00129,2024-06-30,"Delvin Facilities",services,3543.64
P00130,2024-07-23,"Brant Logistics",services,62886.59
P00131,2024-09-17,"Corvin Media",services,211.26
P00132,2024-03-13,"Alder Supply",services,52.73
P00133,2024-06-13,"Corvin Media",facilities,23.51
P00134,2024-01-06,"Brant Logistics",materials,27739.05
P00135,2024-03-22,"Ember IT",materials,20.09
P00136,2024-07-26,"Harlow Print",services,35321.75
P00137,2024-10-17,"Alder Supply",facilities,156184.42
P00138,2024-09-15,"Ember IT",software,9388.65
P00139,2024-03-17,"Delvin Facilities",materials,128751.54
P00140,2024-07-29,"Fenwick Legal",facilities,1699.55
P00141,2024-08-03,"Gilder Travel",facilities,175.09
P00142,2024-09-02,"Alder Supply",facilities,2798.11
P00143,2024-10-05,"Delvin Facilities",materials,320.1
P00144,2024-10-12,"Harlow Print",software,157.08
P00145,2024-07-18,"Gilder Travel",materials,44309.59
P00146,2024-05-06,"Ember IT",logistics,37.71
P00147,2024-08-18,"Harlow Print",software,473.55
P00148,2024-03-20,"Fenwick Legal",software,614.66
P00149,2024-08-08,"Delvin Facilities",facilities,15634.02
P00150,2024-11-02,"Delvin Facilities",materials,111.81
P00151,2024-08-25,"Alder Supply",logistics,19787.1
P00152,2024-12-09,"Ember IT",materials,4444.3
P00153,2024-06-04,"Harlow Print",services,148.51
P00154,2024-08-21,"Gilder Travel",services,4621.59
P00155,2024-08-08,"Delvin Facilities",software,51280.41
P00156,2024-12-26,"Brant Logistics",software,7352.09
P00157,2024-03-26,"Gilder Travel",logistics,165.1
P00158,2024-07-05,"Alder Supply",services,5778.34
P00159,2024-11-18,"Harlow Print",services,26.86
P00160,2024-03-16,"Gilder Travel",services,63.21
P00161,2024-04-04,"Corvin Media",logistics,653.44
P00162,2024-07-31,"Corvin Media",software,1323.11
P00163,2024-06-29,"Alder Supply",services,104940.4
P00164,2024-02-14,"Delvin Facilities",logistics,16311.29
P00165,2024-07-03,"Fenwick Legal",materials,24030.97
P00166,2024-07-24,"Corvin Media",materials,640.44
P00167,2024-02-09,"Ember IT",software,9101.03
P00168,2024-03-25,"Alder Supply",services,199.53
P00169,2024-05-17,"Fenwick Legal",materials,163.34
P00170,2024-01-11,"Fenwick Legal",facilities,231.42
P00171,2024-10-20,"Brant Logistics",services,8499.49
P00172,2024-06-21,"Delvin Facilities",facilities,115515.6
P00173,2024-03-17,"Brant Logistics",services,1864.14
P00174,2024-10-06,"Brant Logistics",logistics,327.97
P00175,2024-12-13,"Ember IT",logistics,9957.51
P00176,2024-09-17,"Fenwick Legal",software,108158.1
P00177,2024-05-11,"Fenwick Legal",services,829.48
P00178,2024-06-21,"Fenwick Legal",software,613.21
P00179,2024-08-24,"Alder Supply",software,683.62
P00180,2024-02-21,"Fenwick Legal",materials,8221.33
P00181,2024-03-10,"Brant Logistics",materials,152983.08
P00182,2024-05-14,"Alder Supply",services,2888.43
P00183,2024-04-09,"Delvin Facilities",services,131.71
P00184,2024-04-26,"Brant Logistics",logistics,906.99
P00185,2024-12-20,"Corvin Media",services,36.17
P00186,2024-08-11,"Brant Logistics",software,68.61
P00187,2024-03-29,"Gilder Travel",services,12832.98
P00188,2024-10-14,"Gilder Travel",materials,130.2
P00189,2024-01-18,"Harlow Print",software,1428.67
P00190,2024-07-28,"Fenwick Legal",services,1608.45
P00191,2024-07-19,"Brant Logistics",software,9626.84
P00192,2024-12-06,"Alder Supply",services,4013.64
P00193,2024-06-05,"Brant Logistics",services,83984.17
P00194,2024-03-21,"Corvin Media",facilities,5181.47
P00195,2024-06-15,"Corvin Media",logistics,4021.8
P00196,2024-01-21,"Delvin Facilities",logistics,99.23
P00197,2024-07-26,"Ember IT",materials,9653.19
P00198,2024-03-28,"Fenwick Legal",facilities,35913.19
P00199,2024-03-26,"Harlow Print",services,96.44
P00200,2024-12-14,"Delvin Facilities",services,11793.02
P00201,2024-06-14,"Alder Supply",facilities,85219.58
P00202,2024-02-05,"Brant Logistics",services,37566.7
P00203,2024-01-07,"Harlow Print",logistics,55676.77
P00204,2024-11-06,"Delvin Facilities",materials,178.27
P00205,2024-07-10,"Gilder Travel",software,10097.13
P00206,2024-07-03,"Ember IT",software,9138.88
P00207,2024-08-12,"Ember IT",facilities,85.03
P00208,2024-01-21,"Harlow Print",facilities,34.83
P00209,2024-01-06,"Fenwick Legal",services,32.39
P00210,2024-03-26,"Brant Logistics",logistics,19814.85
P00211,2024-05-22,"Ember IT",services,9237.49
P00212,2024-08-21,"Delvin Facilities",facilities,54605.82
P00213,2024-05-07,"Alder Supply",software,76.58
P00214,2024-07-25,"Ember IT",materials,9516.72
P00215,2024-12-29,"Fenwick Legal",services,41.74
P00216,2024-03-09,"Brant Logistics",materials,32.21
P00217,2024-04-11,"Corvin Media",facilities,686.03
P00218,2024-01-28,"Corvin Media",facilities,95668.39
P00219,2024-01-01,"Harlow Print",materials,158984.57
P00220,2024-05-29,"Harlow Print",logistics,115.02
P00221,2024-03-06,"Delvin Facilities",logistics,350.38
P00222,2024-12-27,"Delvin Facilities",materials,951.07
P00223,2024-04-15,"Brant Logistics",services,7217.32
P00224,2024-03-10,"Ember IT",materials,9593.28
P00225,2024-05-21,"Delvin Facilities",services,486.77
P00226,2024-12-20,"Delvin Facilities",materials,72.16
P00227,2024-03-21,"Alder Supply",services,1204.52
P00228,2024-09-28,"Delvin Facilities",logistics,41245.45
P00229,2024-12-19,"Corvin Media",logistics,166009.82
P00230,2024-09-17,"Alder Supply",services,246.9
P00231,2024-09-26,"Ember IT",facilities,1028.71
P00232,2024-01-12,"Corvin Media",software,7110.74
P00233,2024-01-24,"Alder Supply",logistics,1286.33
P00234,2024-04-03,"Ember IT",logistics,18171.45
P00235,2024-05-11,"Fenwick Legal",facilities,5005.01
P00236,2024-03-08,"Delvin Facilities",logistics,804.89
P00237,2024-01-27,"Alder Supply",software,2860.8
P00238,2024-10-25,"Corvin Media",logistics,6516.35
P00239,2024-04-14,"Gilder Travel",facilities,52402.97
P00240,2024-11-21,"Corvin Media",services,84059.61
P00241,2024-10-31,"Ember IT",software,9394.29
P00242,2024-12-13,"Harlow Print",software,133618.41
P00243,2024-07-28,"Fenwick Legal",software,75.09
P00244,2024-07-15,"Corvin Media",materials,290.41
P00245,2024-12-23,"Brant Logistics",materials,34789.48
P00246,2024-08-28,"Harlow Print",software,48015.57
P00247,2024-05-31,"Gilder Travel",software,12806.77
P00248,2024-02-27,"Harlow Print",software,45468.66
P00249,2024-05-18,"Corvin Media",materials,3966.23
P00250,2024-11-09,"Brant Logistics",facilities,545.47
P00251,2024-01-14,"Harlow Print",software,9016.78
P00252,2024-10-03,"Ember IT",logistics,110.21
P00253,2024-01-13,"Ember IT",services,9901.2
P00254,2024-12-21,"Fenwick Legal",logistics,406.9
P00255,2024-08-21,"Delvin Facilities",logistics,57.96
P00256,2024-04-22,"Fenwick Legal",software,1986.55
P00257,2024-07-17,"Gilder Travel",services,433.76
P00258,2024-01-02,"Alder Supply",facilities,506.31
P00259,2024-09-23,"Brant Logistics",services,225.72
P00260,2024-01-05,"Ember IT",services,9251.43
P00261,2024-12-28,"Harlow Print",services,147235.27
P00262,2024-11-13,"Alder Supply",services,20595.83
P00263,2024-12-12,"Harlow Print",software,49.42
P00264,2024-03-14,"Corvin Media",services,167.33
P00265,2024-01-27,"Delvin Facilities",logistics,159515.84
P00266,2024-12-24,"Alder Supply",services,65948.17
P00267,2024-04-20,"Alder Supply",materials,139.92
P00268,2024-07-26,"Alder Supply",software,25.98
P00269,2024-09-18,"Corvin Media",software,758.1
P00270,2024-07-31,"Ember IT",software,9326.94
P00271,2024-10-22,"Delvin Facilities",software,87439.26
P00272,2024-05-31,"Alder Supply",software,6832.18
P00273,2024-01-15,"Gilder Travel",facilities,205.46
P00274,2024-07-29,"Delvin Facilities",materials,1112.51
P00275,2024-12-27,"Brant Logistics",materials,22900.99
P00276,2024-04-24,"Gilder Travel",software,6294.5
P00277,2024-05-16,"Corvin Media",services,114885.46
P00278,2024-01-27,"Gilder Travel",services,1553.42
P00279,2024-07-06,"Ember IT",logistics,9616.37
P00280,2024-09-18,"Corvin Media",services,40943.18
P00281,2024-03-30,"Corvin Media",services,731.56
P00282,2024-08-07,"Corvin Media",logistics,63.86
P00283,2024-03-04,"Corvin Media",software,106.02
P00284,2024-11-03,"Harlow Print",logistics,44541.45
P00285,2024-05-29,"Corvin Media",logistics,19169.49
P00286,2024-03-09,"Brant Logistics",software,3684.19
P00287,2024-03-08,"Alder Supply",facilities,9010.96
P00288,2024-10-01,"Fenwick Legal",logistics,8194.41
P00289,2024-08-20,"Alder Supply",services,84696.13
P00290,2024-08-04,"Corvin Media",software,7832.19
P00291,2024-02-02,"Gilder Travel",software,15587.49
P00292,2024-09-11,"Ember IT",facilities,561.38
P00293,2024-07-09,"Ember IT",software,9143.1
P00294,2024-10-15,"Ember IT",materials,9292.38
P00295,2024-05-30,"Delvin Facilities",software,7604.52
P00296,2024-12-06,"Delvin Facilities",services,46.38
P00297,2024-03-02,"Alder Supply",software,87779.47
P00298,2024-12-20,"Delvin Facilities",services,50720.12
P00299,2024-07-04,"Harlow Print",software,81.77
P00300,2024-09-23,"Alder Supply",facilities,4128.48
P00301,2024-06-28,"Corvin Media",facilities,4962.44
P00302,2024-07-18,"Ember IT",services,9620.72
P00303,2024-10-01,"Brant Logistics",facilities,14832.31
P00304,2024-07-10,"Corvin Media",materials,21.43
P00305,2024-03-27,"Gilder Travel",services,7865.34
P00306,2024-02-02,"Delvin Facilities",software,5498.99
P00307,2024-02-13,"Harlow Print",software,6136.25
P00308,2024-03-03,"Ember IT",materials,9466.43
P00309,2024-03-04,"Ember IT",materials,9501.57
P00310,2024-12-11,"Brant Logistics",materials,43.51
P00311,2024-01-18,"Gilder Travel",services,423.6
P00312,2024-09-09,"Corvin Media",logistics,729.07
P00313,2024-11-03,"Brant Logistics",logistics,4755.4
P00314,2024-06-04,"Harlow Print",software,45.88
P00315,2024-01-16,"Ember IT",software,9590.7
P00316,2024-03-28,"Fenwick Legal",services,5987.27
P00317,2024-01-03,"Corvin Media",facilities,102281.01
P00318,2024-02-15,"Delvin Facilities",logistics,6472.86
P00319,2024-02-05,"Corvin Media",logistics,111551.19
P00320,2024-12-15,"Corvin Media",facilities,6106.79
P00321,2024-09-13,"Alder Supply",materials,38765.51
P00322,2024-09-03,"Fenwick Legal",logistics,7994.13
P00323,2024-01-19,"Ember IT",services,8103.69
P00324,2024-05-26,"Fenwick Legal",facilities,1189.11
P00325,2024-08-09,"Ember IT",logistics,43387.35
P00326,2024-02-04,"Brant Logistics",logistics,19214.58
P00327,2024-01-08,"Corvin Media",materials,17335.16
P00328,2024-06-01,"Alder Supply",facilities,42.27
P00329,2024-09-21,"Fenwick Legal",logistics,12622
P00330,2024-12-01,"Fenwick Legal",services,38748.75
P00331,2024-11-09,"Corvin Media",logistics,284.26
P00332,2024-08-06,"Delvin Facilities",logistics,44748.88
P00333,2024-06-08,"Harlow Print",software,129240.66
P00334,2024-04-30,"Corvin Media",logistics,11221.1
P00335,2024-04-05,"Delvin Facilities",materials,1469.23
P00336,2024-03-12,"Alder Supply",materials,1016.77
P00337,2024-10-23,"Brant Logistics",logistics,16834.72
P00338,2024-06-12,"Ember IT",logistics,40849.73
P00339,2024-10-24,"Brant Logistics",materials,32.13
P00340,2024-02-14,"Harlow Print",software,36525.69
P00341,2024-04-16,"Delvin Facilities",logistics,2001.17
P00342,2024-04-11,"Harlow Print",software,220.24
P00343,2024-08-09,"Fenwick Legal",materials,605.27
P00344,2024-06-05,"Ember IT",facilities,9705.69
P00345,2024-01-01,"Brant Logistics",logistics,6632.76
P00346,2024-12-22,"Delvin Facilities",services,959.03
P00347,2024-12-08,"Alder Supply",services,12315.98
P00348,2024-02-25,"Alder Supply",software,5332.94
P00349,2024-02-03,"Brant Logistics",materials,378.33
P00350,2024-03-21,"Harlow Print",facilities,1086.96
P00351,2024-10-02,"Harlow Print",software,52350.69
P00352,2024-03-06,"Gilder Travel",materials,208.2
P00353,2024-12-25,"Gilder Travel",services,54830.67
P00354,2024-08-20,"Harlow Print",logistics,5880.33
P00355,2024-08-25,"Alder Supply",logistics,98333.72
P00356,2024-06-11,"Harlow Print",services,6826.21
P00357,2024-01-28,"Corvin Media",facilities,63244.79
P00358,2024-06-15,"Corvin Media",materials,6386.05
P00359,2024-06-25,"Gilder Travel",software,34270.19
P00360,2024-03-04,"Brant Logistics",materials,1571.9
P00361,2024-07-01,"Ember IT",services,9251.32
P00362,2024-06-10,"Gilder Travel",materials,62330.44
P00363,2024-01-13,"Corvin Media",facilities,25955.4
P00364,2024-06-07,"Gilder Travel",materials,160.63
P00365,2024-04-04,"Gilder Travel",logistics,149.46
P00366,2024-02-13,"Delvin Facilities",materials,48.75
P00367,2024-01-06,"Gilder Travel",materials,1963.74
P00368,2024-03-29,"Fenwick Legal",logistics,235.75
P00369,2024-04-04,"Fenwick Legal",software,48.7
P00370,2024-10-31,"Brant Logistics",materials,655.6
P00371,2024-01-25,"Delvin Facilities",services,21599.52
P00372,2024-07-11,"Corvin Media",software,6156.92
P00373,2024-06-28,"Delvin Facilities",facilities,12590.86
P00374,2024-04-25,"Brant Logistics",services,2533.91
P00375,2024-12-28,"Alder Supply",software,305.71
P00376,2024-01-16,"Corvin Media",services,1831.13
P00377,2024-06-12,"Fenwick Legal",materials,161.16
P00378,2024-05-08,"Gilder Travel",services,108118.31
P00379,2024-06-27,"Harlow Print",logistics,22943.92
P00380,2024-09-25,"Delvin Facilities",facilities,30.21
P00381,2024-08-12,"Alder Supply",software,31164.67
P00382,2024-07-10,"Ember IT",facilities,70002.79
P00383,2024-06-27,"Gilder Travel",software,524.85
P00384,2024-08-10,"Fenwick Legal",materials,3447.13
P00385,2024-12-30,"Fenwick Legal",services,3023.49
P00386,2024-10-12,"Harlow Print",logistics,2622.79
P00387,2024-03-29,"Gilder Travel",materials,124781.65
P00388,2024-11-22,"Gilder Travel",logistics,402.38
P00389,2024-11-16,"Delvin Facilities",facilities,449.16
P00390,2024-11-01,"Brant Logistics",materials,27.95
P00391,2024-07-20,"Delvin Facilities",software,5107.67
P00392,2024-04-22,"Brant Logistics",services,4780.5
P00393,2024-12-16,"Corvin Media",materials,13810.42
P00394,2024-01-20,"Brant Logistics",materials,33.52
P00395,2024-11-06,"Delvin Facilities",services,10458.93
P00396,2024-02-18,"Corvin Media",facilities,157.77
P00397,2024-05-07,"Ember IT",facilities,923.76
P00398,2024-01-18,"Delvin Facilities",services,180337.92
P00399,2024-08-02,"Brant Logistics",materials,7931.04
P00400,2024-02-16,"Harlow Print",software,52.13
P00401,2024-02-16,"Fenwick Legal",logistics,7529.47
P00402,2024-07-29,"Delvin Facilities",facilities,25.9
P00403,2024-06-11,"Alder Supply",facilities,214.95
P00404,2024-11-30,"Alder Supply",logistics,6726.02
P00405,2024-05-15,"Harlow Print",facilities,35.31
P00406,2024-08-13,"Ember IT",software,1532.83
P00407,2024-05-25,"Brant Logistics",services,35488.92
P00408,2024-02-14,"Delvin Facilities",logistics,164.55
P00409,2024-09-07,"Fenwick Legal",services,134.5
P00410,2024-03-22,"Harlow Print",facilities,10379.91
P00411,2024-07-26,"Corvin Media",logistics,103303.16
P00412,2024-10-03,"Fenwick Legal",facilities,153.2
P00413,2024-12-19,"Harlow Print",software,21603.68
P00414,2024-01-09,"Delvin Facilities",software,1227.29
P00415,2024-01-22,"Gilder Travel",software,333.57
P00416,2024-06-08,"Fenwick Legal",logistics,177428.95
P00417,2024-05-15,"Ember IT",materials,9184.83
P00418,2024-12-18,"Brant Logistics",software,91.87
P00419,2024-10-15,"Delvin Facilities",services,123.45
P00420,2024-08-23,"Ember IT",facilities,391.56
P00421,2024-05-13,"Gilder Travel",materials,4904.63
P00422,2024-09-21,"Brant Logistics",facilities,783.09
P00423,2024-12-03,"Corvin Media",facilities,86816.4
P00424,2024-07-16,"Harlow Print",logistics,2777.77
P00425,2024-05-23,"Harlow Print",software,43.07
P00426,2024-10-14,"Corvin Media",materials,552.38
P00427,2024-10-24,"Corvin Media",services,49972.16
P00428,2024-02-25,"Alder Supply",services,43924.7
P00429,2024-03-05,"Brant Logistics",logistics,164530.11
P00430,2024-07-24,"Harlow Print",facilities,15620.79
P00431,2024-01-03,"Corvin Media",services,438.06
P00432,2024-02-10,"Delvin Facilities",software,116904.14
P00433,2024-09-14,"Brant Logistics",materials,22.46
P00434,2024-08-19,"Gilder Travel",logistics,38.92
P00435,2024-01-02,"Corvin Media",facilities,60235.35
P00436,2024-02-04,"Corvin Media",software,1850.91
P00437,2024-01-12,"Corvin Media",services,174820.63
P00438,2024-02-06,"Ember IT",services,9335.81
P00439,2024-12-30,"Brant Logistics",services,92693.34
P00440,2024-12-29,"Delvin Facilities",services,36.66
P00441,2024-04-02,"Corvin Media",materials,52830.06
P00442,2024-10-21,"Alder Supply",logistics,41547.39
P00443,2024-07-10,"Corvin Media",logistics,66406.91
P00444,2024-10-25,"Delvin Facilities",logistics,16942.86
P00445,2024-12-25,"Ember IT",facilities,9545.79
P00446,2024-08-06,"Delvin Facilities",software,3708.58
P00447,2024-04-22,"Harlow Print",software,76989.85
P00448,2024-09-12,"Fenwick Legal",materials,30.49
P00449,2024-12-02,"Delvin Facilities",software,30.09
P00450,2024-07-21,"Gilder Travel",logistics,1500.25
P00451,2024-06-14,"Ember IT",facilities,60.17
P00452,2024-03-21,"Gilder Travel",software,32004.36
P00453,2024-08-27,"Ember IT",facilities,9510.13
P00454,2024-06-28,"Ember IT",services,179.07
P00455,2024-05-08,"Gilder Travel",materials,52.2
P00456,2024-02-11,"Harlow Print",services,8889.93
P00457,2024-02-24,"Alder Supply",services,866.99
P00458,2024-04-19,"Corvin Media",materials,436.62
P00459,2024-08-05,"Harlow Print",logistics,2679.29
P00460,2024-09-04,"Corvin Media",materials,34785.21
P00461,2024-12-15,"Corvin Media",logistics,137417.74
P00462,2024-03-09,"Delvin Facilities",materials,89214.48
P00463,2024-07-21,"Ember IT",services,20.09
P00464,2024-10-29,"Fenwick Legal",software,34212.19
P00465,2024-11-29,"Ember IT",logistics,9126.82
P00466,2024-03-23,"Delvin Facilities",materials,158.55
P00467,2024-11-28,"Brant Logistics",services,990.01
P00468,2024-05-05,"Alder Supply",materials,78866.63
P00469,2024-10-29,"Delvin Facilities",software,254.14
P00470,2024-12-13,"Corvin Media",services,92379.81
P00471,2024-01-09,"Harlow Print",materials,22.86
P00472,2024-03-17,"Corvin Media",facilities,4252.47
P00473,2024-05-06,"Delvin Facilities",services,29404.55
P00474,2024-03-29,"Brant Logistics",materials,2747.39
P00475,2024-04-01,"Harlow Print",services,36.64
P00476,2024-07-12,"Corvin Media",software,322.78
P00477,2024-03-23,"Delvin Facilities",logistics,196161.33
P00478,2024-05-07,"Delvin Facilities",facilities,457.31
P00479,2024-06-19,"Corvin Media",materials,3906.6
P00480,2024-05-02,"Fenwick Legal",software,4094.05
P00481,2024-11-12,"Harlow Print",software,1649.08
P00482,2024-08-03,"Fenwick Legal",services,105.29
P00483,2024-12-12,"Brant Logistics",logistics,84.55
P00484,2024-03-02,"Alder Supply",software,30.47
P00485,2024-01-09,"Corvin Media",materials,20.64
P00486,2024-06-02,"Corvin Media",services,271.93
P00487,2024-02-27,"Alder Supply",facilities,21390.54
P00488,2024-09-10,"Harlow Print",materials,3074.31
P00489,2024-01-02,"Fenwick Legal",software,698.17
P00490,2024-06-10,"Delvin Facilities",services,168920.9
P00491,2024-07-07,"Ember IT",materials,71921.6
P00492,2024-06-21,"Harlow Print",logistics,65.8
P00493,2024-02-16,"Fenwick Legal",software,70.17
P00494,2024-11-23,"Fenwick Legal",logistics,47745.7
P00495,2024-01-24,"Corvin Media",services,79.68
P00496,2024-12-13,"Corvin Media",facilities,384.37
P00497,2024-05-30,"Fenwick Legal",logistics,197725.19
P00498,2024-04-25,"Alder Supply",software,66400.59
P00499,2024-04-16,"Brant Logistics",software,6140.65
P00500,2024-08-30,"Ember IT",materials,9949.25
P00501,2024-07-24,"Ember IT",software,9717.77
P00502,2024-10-22,"Corvin Media",materials,68.99
P00503,2024-10-09,"Alder Supply",materials,200.05
P00504,2024-09-30,"Gilder Travel",software,10887.01
P00505,2024-02-28,"Ember IT",materials,78413.4
P00506,2024-03-04,"Fenwick Legal",services,23.85
P00507,2024-10-23,"Ember IT",services,9645.37
P00508,2024-08-04,"Brant Logistics",materials,33427.41
P00509,2024-10-16,"Alder Supply",software,322.68
P00510,2024-04-11,"Alder Supply",facilities,9836.54
P00511,2024-10-24,"Harlow Print",materials,33761.14
P00512,2024-05-14,"Harlow Print",software,270.48
P00513,2024-05-17,"Brant Logistics",materials,273.39
P00514,2024-01-12,"Ember IT",software,9339.17
P00515,2024-03-28,"Gilder Travel",materials,34.54
P00516,2024-03-05,"Fenwick Legal",materials,469.52
P00517,2024-12-17,"Fenwick Legal",software,19689.25
P00518,2024-09-27,"Ember IT",software,9748.58
P00519,2024-02-03,"Alder Supply",logistics,48885.79
P00520,2024-12-15,"Brant Logistics",materials,7672.37
P00521,2024-02-03,"Brant Logistics",services,31.98
P00522,2024-07-18,"Gilder Travel",services,3514.86
P00523,2024-04-27,"Gilder Travel",software,937.38
P00524,2024-11-21,"Harlow Print",logistics,10393.78
P00525,2024-11-05,"Harlow Print",software,995.85
P00526,2024-07-24,"Delvin Facilities",software,153046.27
P00527,2024-02-08,"Brant Logistics",logistics,126933.51
P00528,2024-01-17,"Ember IT",facilities,3606.48
P00529,2024-02-14,"Brant Logistics",software,8522.08
P00530,2024-03-14,"Ember IT",facilities,9342.45
P00531,2024-09-30,"Alder Supply",facilities,237.64
P00532,2024-10-04,"Ember IT",materials,58822.4
P00533,2024-09-26,"Ember IT",logistics,6621
P00534,2024-01-16,"Delvin Facilities",logistics,239.91
P00535,2024-07-14,"Ember IT",software,87819.06
P00536,2024-09-10,"Harlow Print",software,50438.12
P00537,2024-07-05,"Brant Logistics",services,93.42
P00538,2024-12-21,"Ember IT",software,17748.02
P00539,2024-11-03,"Alder Supply",services,188.43
P00540,2024-11-06,"Alder Supply",software,3702.34
P00541,2024-08-13,"Alder Supply",software,4593.03
P00542,2024-12-18,"Harlow Print",logistics,482.41
P00543,2024-06-14,"Ember IT",logistics,9501.69
P00544,2024-05-24,"Fenwick Legal",materials,121421.57
P00545,2024-11-03,"Brant Logistics",logistics,10137.73
P00546,2024-02-10,"Harlow Print",facilities,24.81
P00547,2024-04-21,"Harlow Print",services,3526.16
P00548,2024-07-25,"Ember IT",facilities,9925.95
P00549,2024-09-09,"Brant Logistics",materials,164.56
P00550,2024-04-29,"Delvin Facilities",facilities,134.46
P00551,2024-04-18,"Corvin Media",software,5244
P00552,2024-10-11,"Ember IT",materials,9327.78
P00553,2024-03-27,"Corvin Media",software,26.95
P00554,2024-04-04,"Harlow Print",facilities,30.45
P00555,2024-07-29,"Delvin Facilities",materials,53.66
P00556,2024-09-15,"Alder Supply",facilities,43.04
P00557,2024-12-04,"Harlow Print",services,312.6
P00558,2024-12-11,"Alder Supply",logistics,299.01
P00559,2024-08-28,"Corvin Media",logistics,240.54
P00560,2024-01-02,"Brant Logistics",software,331.1
P00561,2024-10-15,"Fenwick Legal",logistics,13059.01
P00562,2024-03-31,"Alder Supply",materials,5084.86
P00563,2024-11-10,"Alder Supply",services,266.38
P00564,2024-10-07,"Fenwick Legal",services,233.15
P00565,2024-07-13,"Alder Supply",facilities,150.79
P00566,2024-06-22,"Ember IT",software,9751.35
P00567,2024-09-07,"Harlow Print",software,12507.95
P00568,2024-06-30,"Ember IT",software,9733.22
P00569,2024-06-27,"Alder Supply",software,20.1
P00570,2024-05-21,"Gilder Travel",facilities,172392.85
P00571,2024-08-04,"Corvin Media",software,5443.29
P00572,2024-10-10,"Ember IT",software,9186
P00573,2024-06-15,"Alder Supply",materials,20.02
P00574,2024-04-09,"Brant Logistics",materials,364.76
P00575,2024-05-09,"Alder Supply",services,3880.08
P00576,2024-10-02,"Alder Supply",software,2440.68
P00577,2024-08-29,"Delvin Facilities",materials,38.44
P00578,2024-05-22,"Delvin Facilities",logistics,147.83
P00579,2024-10-21,"Gilder Travel",software,2530.3
P00580,2024-04-13,"Fenwick Legal",materials,24.18
P00581,2024-01-01,"Brant Logistics",services,38966.88
P00582,2024-10-11,"Delvin Facilities",software,209.27
P00583,2024-12-07,"Delvin Facilities",materials,11648.93
P00584,2024-02-24,"Gilder Travel",facilities,71.73
P00585,2024-08-22,"Fenwick Legal",services,5394.18
P00586,2024-01-19,"Gilder Travel",services,68207.42
P00587,2024-01-17,"Ember IT",facilities,9681.05
P00588,2024-04-15,"Harlow Print",facilities,189.19
P00589,2024-12-07,"Ember IT",software,9154.76
P00590,2024-04-15,"Fenwick Legal",facilities,258.4
P00591,2024-09-16,"Alder Supply",facilities,20.66
P00592,2024-10-19,"Brant Logistics",facilities,49.7
P00593,2024-08-23,"Alder Supply",software,927.28
P00594,2024-10-01,"Fenwick Legal",services,418.94
P00595,2024-09-22,"Harlow Print",materials,34731.87
P00596,2024-05-28,"Harlow Print",services,5851.47
P00597,2024-09-02,"Delvin Facilities",services,4557.54
P00598,2024-10-20,"Gilder Travel",services,158857.04
P00599,2024-07-19,"Ember IT",services,9885.12
P00600,2024-01-20,"Delvin Facilities",materials,15639.84
P00601,2024-12-09,"Gilder Travel",logistics,500.05
P00602,2024-11-14,"Ember IT",materials,9210.99
P00603,2024-02-21,"Alder Supply",services,170985.53
P00604,2024-11-01,"Gilder Travel",materials,42332.11
P00605,2024-04-03,"Harlow Print",services,31.87
P00606,2024-07-10,"Ember IT",software,2272.09
P00607,2024-04-15,"Brant Logistics",logistics,31.55
P00608,2024-11-26,"Fenwick Legal",logistics,44.35
P00609,2024-04-07,"Delvin Facilities",logistics,77893.8
P00610,2024-04-12,"Gilder Travel",software,6226.26
P00611,2024-01-11,"Delvin Facilities",logistics,63.13
P00612,2024-03-09,"Ember IT",software,9173.12
P00613,2024-06-18,"Harlow Print",services,50.45
P00614,2024-02-03,"Ember IT",logistics,333.86
P00615,2024-09-29,"Harlow Print",logistics,272.39
P00616,2024-06-30,"Brant Logistics",software,39.42
P00617,2024-11-29,"Brant Logistics",facilities,207.44
P00618,2024-12-27,"Gilder Travel",software,4407.02
P00619,2024-04-08,"Alder Supply",logistics,5109.16
P00620,2024-11-08,"Harlow Print",services,30658.48
P00621,2024-04-05,"Gilder Travel",services,22109.87
P00622,2024-08-30,"Ember IT",services,687.46
P00623,2024-12-15,"Brant Logistics",services,152801.79
P00624,2024-07-11,"Ember IT",materials,9722.5
P00625,2024-11-28,"Harlow Print",materials,132040.66
P00626,2024-01-31,"Ember IT",services,1632.71
P00627,2024-11-18,"Delvin Facilities",software,13952.02
P00628,2024-12-07,"Gilder Travel",services,2053.63
P00629,2024-12-27,"Delvin Facilities",services,2077.46
P00630,2024-09-18,"Delvin Facilities",services,50.77
P00631,2024-03-28,"Corvin Media",services,60690.84
P00632,2024-05-13,"Delvin Facilities",materials,3855.2
P00633,2024-06-22,"Harlow Print",facilities,1092.5
P00634,2024-07-13,"Delvin Facilities",facilities,67
P00635,2024-05-13,"Corvin Media",facilities,99.84
P00636,2024-08-25,"Delvin Facilities",materials,1103.84
P00637,2024-04-11,"Alder Supply",services,3937.43
P00638,2024-06-01,"Gilder Travel",materials,56802.94
P00639,2024-08-13,"Delvin Facilities",services,8789.56
P00640,2024-09-05,"Gilder Travel",logistics,492.01
P00641,2024-07-06,"Brant Logistics",materials,1872.25
P00642,2024-03-19,"Brant Logistics",materials,8042.31
P00643,2024-08-03,"Harlow Print",services,40.69
P00644,2024-01-15,"Alder Supply",logistics,69071.34
P00645,2024-01-14,"Gilder Travel",services,39.38
P00646,2024-02-22,"Ember IT",services,9320.2
P00647,2024-03-21,"Gilder Travel",services,4070.47
P00648,2024-01-06,"Harlow Print",materials,7270.46
P00649,2024-05-07,"Gilder Travel",services,72.37
P00650,2024-12-27,"Ember IT",facilities,9723.88
P00651,2024-05-20,"Alder Supply",facilities,1467.53
P00652,2024-01-14,"Alder Supply",software,931.98
P00653,2024-12-19,"Fenwick Legal",logistics,10004.63
P00654,2024-08-29,"Ember IT",materials,9549.25
P00655,2024-12-03,"Fenwick Legal",services,142823.79
P00656,2024-07-06,"Brant Logistics",services,54.65
P00657,2024-01-31,"Harlow Print",logistics,112.07
P00658,2024-08-15,"Brant Logistics",logistics,42548.14
P00659,2024-09-04,"Gilder Travel",facilities,30.31
P00660,2024-10-16,"Ember IT",logistics,81.94
P00661,2024-04-17,"Harlow Print",software,1425.35
P00662,2024-09-25,"Delvin Facilities",logistics,77802.66
P00663,2024-01-07,"Harlow Print",materials,1482.41
P00664,2024-04-28,"Brant Logistics",facilities,88712.98
P00665,2024-01-24,"Alder Supply",materials,76.88
P00666,2024-04-29,"Fenwick Legal",software,100561.56
P00667,2024-07-23,"Alder Supply",materials,46041.34
P00668,2024-11-11,"Fenwick Legal",facilities,25394.02
P00669,2024-11-20,"Delvin Facilities",logistics,1820.86
P00670,2024-03-28,"Fenwick Legal",facilities,136.76
P00671,2024-02-12,"Fenwick Legal",logistics,146.87
P00672,2024-07-03,"Alder Supply",services,10401.38
P00673,2024-04-16,"Ember IT",software,9763.44
P00674,2024-09-11,"Delvin Facilities",services,12012
P00675,2024-03-27,"Brant Logistics",logistics,49.13
P00676,2024-09-15,"Brant Logistics",software,5500.3
P00677,2024-10-29,"Harlow Print",materials,39423.08
P00678,2024-11-20,"Fenwick Legal",materials,216.36
P00679,2024-12-25,"Delvin Facilities",logistics,58.05
P00680,2024-10-18,"Brant Logistics",logistics,76.18
P00681,2024-03-15,"Ember IT",facilities,9615.69
P00682,2024-10-19,"Corvin Media",logistics,13697.15
P00683,2024-11-14,"Gilder Travel",services,21799.07
P00684,2024-03-02,"Harlow Print",software,37076.23
P00685,2024-05-23,"Harlow Print",services,1005.71
P00686,2024-01-01,"Fenwick Legal",software,57256.89
P00687,2024-06-10,"Gilder Travel",facilities,1841.88
P00688,2024-04-10,"Delvin Facilities",software,32.93
P00689,2024-02-15,"Alder Supply",services,68203.03
P00690,2024-09-04,"Gilder Travel",facilities,1588.57
P00691,2024-09-27,"Fenwick Legal",services,50.71
P00692,2024-04-26,"Ember IT",facilities,9150.44
P00693,2024-07-03,"Delvin Facilities",logistics,89.17
P00694,2024-10-11,"Gilder Travel",materials,42.78
P00695,2024-04-23,"Brant Logistics",software,60.62
P00696,2024-06-19,"Fenwick Legal",facilities,32585.45
P00697,2024-04-25,"Alder Supply",logistics,247.49
P00698,2024-04-22,"Alder Supply",logistics,55202.77
P00699,2024-11-19,"Delvin Facilities",facilities,3066.11
P00700,2024-01-02,"Alder Supply",materials,120.46
P00701,2024-02-29,"Brant Logistics",logistics,540.55
P00702,2024-03-08,"Fenwick Legal",logistics,17864.07
P00703,2024-10-02,"Fenwick Legal",software,59.39
P00704,2024-04-03,"Ember IT",facilities,1838.85
P00705,2024-12-16,"Fenwick Legal",services,65.66
P00706,2024-07-09,"Corvin Media",facilities,1541.35
P00707,2024-01-02,"Delvin Facilities",software,54.81
P00708,2024-01-28,"Fenwick Legal",facilities,796.74
P00709,2024-06-13,"Fenwick Legal",facilities,1093.76
P00710,2024-12-08,"Harlow Print",facilities,4390.52
P00711,2024-06-16,"Harlow Print",logistics,35.79
P00712,2024-07-26,"Fenwick Legal",software,6645.62
P00713,2024-03-01,"Fenwick Legal",services,1305.2
P00714,2024-07-25,"Gilder Travel",facilities,42.52
P00715,2024-11-14,"Corvin Media",materials,14812.87
P00716,2024-08-31,"Delvin Facilities",materials,3086.22
P00717,2024-07-14,"Ember IT",software,177.51
P00718,2024-05-28,"Ember IT",materials,9396.25
P00719,2024-02-07,"Brant Logistics",facilities,177.84
P00720,2024-10-28,"Corvin Media",services,39.18
P00721,2024-06-09,"Delvin Facilities",services,90.75
P00722,2024-03-03,"Gilder Travel",logistics,152488.98
P00723,2024-06-16,"Harlow Print",software,1483.36
P00724,2024-08-05,"Alder Supply",software,2175.99
P00725,2024-02-18,"Gilder Travel",services,68.89
P00726,2024-05-21,"Ember IT",facilities,80628.59
P00727,2024-10-05,"Alder Supply",software,15116.86
P00728,2024-07-16,"Ember IT",materials,54352.3
P00729,2024-02-26,"Fenwick Legal",facilities,44092.89
P00730,2024-04-18,"Brant Logistics",materials,6018.83
P00731,2024-12-17,"Ember IT",materials,9662.81
P00732,2024-11-13,"Alder Supply",software,38834.11
P00733,2024-05-19,"Fenwick Legal",logistics,2767.28
P00734,2024-10-09,"Delvin Facilities",logistics,1492.48
P00735,2024-10-09,"Alder Supply",materials,5288.73
P00736,2024-04-06,"Harlow Print",facilities,45.93
P00737,2024-05-03,"Gilder Travel",logistics,985.46
P00738,2024-07-26,"Alder Supply",services,39.01
P00739,2024-04-09,"Ember IT",materials,9906.46
P00740,2024-01-15,"Fenwick Legal",facilities,27060.17
P00741,2024-07-26,"Alder Supply",logistics,448.93
P00742,2024-12-05,"Brant Logistics",materials,76.29
P00743,2024-10-14,"Harlow Print",materials,5027.16
P00744,2024-05-08,"Fenwick Legal",logistics,123469.35
P00745,2024-01-12,"Corvin Media",materials,36701.79
P00746,2024-05-24,"Brant Logistics",software,118316.91
P00747,2024-03-25,"Corvin Media",logistics,4683.44
P00748,2024-12-14,"Corvin Media",materials,32413.66
P00749,2024-08-08,"Delvin Facilities",materials,21.96
P00750,2024-12-27,"Harlow Print",materials,10899.04
P00751,2024-04-17,"Delvin Facilities",software,33.8
P00752,2024-07-23,"Gilder Travel",logistics,29.05
P00753,2024-07-22,"Delvin Facilities",software,18733.97
P00754,2024-03-20,"Brant Logistics",services,22.97
P00755,2024-12-15,"Corvin Media",facilities,84222.6
P00756,2024-07-01,"Alder Supply",materials,67.06
P00757,2024-06-29,"Corvin Media",facilities,144.92
P00758,2024-10-05,"Brant Logistics",logistics,28.45
P00759,2024-11-08,"Alder Supply",logistics,4085.1
P00760,2024-07-31,"Alder Supply",software,2963.18
P00761,2024-03-23,"Gilder Travel",facilities,402.08
P00762,2024-06-19,"Delvin Facilities",services,3096.78
P00763,2024-12-29,"Ember IT",software,9956.05
P00764,2024-05-18,"Alder Supply",materials,2984.85
P00765,2024-08-15,"Corvin Media",logistics,207.53
P00766,2024-06-24,"Alder Supply",services,32.68
P00767,2024-08-10,"Fenwick Legal",facilities,142631.48
P00768,2024-12-12,"Alder Supply",services,22.03
P00769,2024-08-11,"Delvin Facilities",materials,3911.97
P00770,2024-05-15,"Fenwick Legal",facilities,2148.61
P00771,2024-09-06,"Alder Supply",materials,34548.81
P00772,2024-12-10,"Alder Supply",materials,8627.37
P00773,2024-12-29,"Harlow Print",materials,107.86
P00774,2024-07-04,"Ember IT",software,60081.43
P00775,2024-03-12,"Alder Supply",services,50249.86
P00776,2024-06-29,"Corvin Media",facilities,473.44
P00777,2024-09-21,"Brant Logistics",logistics,122.19
P00778,2024-03-23,"Alder Supply",software,1414.11
P00779,2024-05-24,"Alder Supply",facilities,43334.66
P00780,2024-03-14,"Brant Logistics",facilities,5187.82
P00781,2024-09-15,"Brant Logistics",materials,2757.37
P00782,2024-02-26,"Delvin Facilities",software,60631.04
P00783,2024-10-12,"Fenwick Legal",software,4271.71
P00784,2024-02-23,"Harlow Print",facilities,2226.99
P00785,2024-07-20,"Corvin Media",logistics,2850.75
P00786,2024-08-10,"Brant Logistics",logistics,293.48
P00787,2024-09-11,"Brant Logistics",materials,342.12
P00788,2024-08-26,"Fenwick Legal",materials,2167.95
P00789,2024-07-06,"Corvin Media",software,138716.19
P00790,2024-07-11,"Brant Logistics",services,15061.87
P00791,2024-03-26,"Alder Supply",logistics,755.37
P00792,2024-11-16,"Fenwick Legal",materials,1539.79
P00793,2024-11-14,"Fenwick Legal",software,164.87
P00794,2024-08-13,"Brant Logistics",facilities,104.09
P00795,2024-09-14,"Delvin Facilities",facilities,11501.45
P00796,2024-11-10,"Gilder Travel",materials,613.47
P00797,2024-02-22,"Ember IT",software,9402.15
P00798,2024-02-03,"Delvin Facilities",materials,1107.67
P00799,2024-08-17,"Ember IT",materials,9132.13
P00800,2024-03-17,"Gilder Travel",logistics,2146.43
P00801,2024-02-28,"Brant Logistics",software,961.53
P00802,2024-12-08,"Fenwick Legal",logistics,356.69
P00803,2024-02-15,"Alder Supply",materials,1415.35
P00804,2024-07-21,"Fenwick Legal",software,62331.42
P00805,2024-05-07,"Brant Logistics",facilities,1568.06
P00806,2024-12-09,"Fenwick Legal",logistics,8619.6
P00807,2024-03-20,"Corvin Media",logistics,1920.42
P00808,2024-09-30,"Delvin Facilities",services,266.01
P00809,2024-03-17,"Brant Logistics",services,100.8
P00810,2024-05-28,"Corvin Media",facilities,27330.74
P00811,2024-01-06,"Brant Logistics",logistics,642.23
P00812,2024-01-21,"Fenwick Legal",software,5756.54
P00813,2024-08-11,"Ember IT",facilities,1837.69
P00814,2024-04-01,"Delvin Facilities",materials,358.86
P00815,2024-12-29,"Corvin Media",logistics,543.28
P00816,2024-07-19,"Harlow Print",services,40.29
P00817,2024-12-30,"Alder Supply",facilities,176.46
P00818,2024-04-08,"Fenwick Legal",logistics,1879.59
P00819,2024-07-27,"Alder Supply",materials,3494.61
P00820,2024-11-21,"Delvin Facilities",materials,357
P00821,2024-06-02,"Ember IT",software,9535.8
P00822,2024-12-21,"Fenwick Legal",logistics,10126.64
P00823,2024-10-05,"Ember IT",services,9806.58
P00824,2024-09-03,"Ember IT",materials,588.11
P00825,2024-10-16,"Fenwick Legal",logistics,89180.7
P00826,2024-10-11,"Fenwick Legal",logistics,45.88
P00827,2024-08-10,"Gilder Travel",services,24.82
P00828,2024-08-20,"Fenwick Legal",services,41.61
P00829,2024-09-12,"Alder Supply",software,18703.55
P00830,2024-07-19,"Brant Logistics",facilities,172618.09
P00831,2024-02-22,"Ember IT",facilities,1375.85
P00832,2024-07-16,"Fenwick Legal",materials,4058.67
P00833,2024-03-02,"Alder Supply",services,42108.24
P00834,2024-05-24,"Delvin Facilities",services,253.93
P00835,2024-05-09,"Gilder Travel",services,206.94
P00836,2024-10-02,"Delvin Facilities",software,157.02
P00837,2024-10-19,"Fenwick Legal",materials,169655.36
P00838,2024-02-01,"Ember IT",services,9352.12
P00839,2024-09-04,"Ember IT",logistics,9438.65
P00840,2024-11-20,"Brant Logistics",materials,2443.03
P00841,2024-01-06,"Harlow Print",software,145107.93
P00842,2024-11-10,"Fenwick Legal",services,2138.61
P00843,2024-08-18,"Alder Supply",services,945.17
P00844,2024-09-04,"Brant Logistics",services,549.46
P00845,2024-11-20,"Corvin Media",materials,5251.98
P00846,2024-12-14,"Brant Logistics",services,4078.77
P00847,2024-05-28,"Corvin Media",materials,40.32
P00848,2024-08-14,"Alder Supply",services,18463.29
P00849,2024-10-12,"Ember IT",software,9234.23
P00850,2024-04-26,"Brant Logistics",facilities,16752.31
P00851,2024-06-20,"Harlow Print",materials,98.19
P00852,2024-02-06,"Harlow Print",facilities,9662.68
P00853,2024-08-27,"Brant Logistics",materials,44.09
P00854,2024-08-18,"Ember IT",materials,1388.03
P00855,2024-11-15,"Gilder Travel",logistics,691.59
P00856,2024-05-18,"Alder Supply",materials,1739.07
P00857,2024-09-25,"Corvin Media",software,1268.13
P00858,2024-11-07,"Ember IT",services,1191.31
P00859,2024-05-13,"Alder Supply",facilities,18959.15
P00860,2024-12-23,"Corvin Media",services,61538.46
P00861,2024-08-09,"Harlow Print",facilities,1372.51
P00862,2024-07-01,"Brant Logistics",facilities,35653.9
P00863,2024-05-30,"Corvin Media",software,1022.09
P00864,2024-07-02,"Brant Logistics",facilities,538.05
P00865,2024-07-10,"Brant Logistics",logistics,1845.16
P00866,2024-12-28,"Alder Supply",facilities,35365.37
P00867,2024-10-06,"Fenwick Legal",materials,28.16
P00868,2024-05-20,"Brant Logistics",materials,482.18
P00869,2024-11-04,"Alder Supply",facilities,15120.96
P00870,2024-11-10,"Corvin Media",materials,168.45
P00871,2024-11-13,"Alder Supply",logistics,8431.89
P00872,2024-09-14,"Delvin Facilities",software,21.26
P00873,2024-06-06,"Ember IT",facilities,45.93
P00874,2024-01-06,"Delvin Facilities",services,160423.65
P00875,2024-06-20,"Delvin Facilities",logistics,2216.99
P00876,2024-03-31,"Alder Supply",facilities,2404.16
P00877,2024-01-21,"Gilder Travel",logistics,254.23
P00878,2024-10-26,"Alder Supply",services,6262.8
P00879,2024-08-06,"Fenwick Legal",facilities,155.3
P00880,2024-08-21,"Ember IT",facilities,9186.73
P00881,2024-11-06,"Harlow Print",services,1949.53
P00882,2024-11-25,"Fenwick Legal",facilities,163651.37
P00883,2024-03-19,"Delvin Facilities",logistics,4150.35
P00884,2024-10-02,"Corvin Media",materials,36681.36
P00885,2024-01-11,"Delvin Facilities",services,18821.51
P00886,2024-12-06,"Gilder Travel",facilities,77370.57
P00887,2024-12-10,"Alder Supply",software,94.9
P00888,2024-07-27,"Alder Supply",facilities,1105.64
P00889,2024-12-04,"Alder Supply",services,122361.21
P00890,2024-04-15,"Brant Logistics",materials,138.92
P00891,2024-06-07,"Ember IT",software,9542.37
P00892,2024-08-29,"Fenwick Legal",services,7568.9
P00893,2024-03-03,"Delvin Facilities",materials,53.07
P00894,2024-05-02,"Ember IT",facilities,9958.11
P00895,2024-02-23,"Ember IT",services,8693.76
P00896,2024-12-05,"Ember IT",services,9910.73
P00897,2024-12-09,"Gilder Travel",services,19025.8
P00898,2024-01-16,"Ember IT",services,9481.74
P00899,2024-02-16,"Corvin Media",materials,814.8
P00900,2024-07-01,"Ember IT",services,81517.26
P00901,2024-08-06,"Brant Logistics",logistics,4254.16
P00902,2024-03-28,"Harlow Print",services,13311.16
P00903,2024-10-22,"Corvin Media",logistics,23127.6
P00904,2024-11-01,"Fenwick Legal",services,1537.39
P00905,2024-08-09,"Harlow Print",services,7829.39
P00906,2024-08-19,"Harlow Print",software,4587.17
P00907,2024-09-19,"Delvin Facilities",logistics,27108.3
P00908,2024-02-13,"Delvin Facilities",software,19373.55
P00909,2024-09-30,"Corvin Media",logistics,2564.68
P00910,2024-04-19,"Alder Supply",services,506.23
P00911,2024-05-14,"Delvin Facilities",logistics,1852.67
P00912,2024-03-27,"Delvin Facilities",facilities,2790.93
P00913,2024-11-19,"Gilder Travel",software,126.43
P00914,2024-12-05,"Ember IT",software,9957.18
P00915,2024-08-11,"Gilder Travel",facilities,1695.15
P00916,2024-12-16,"Delvin Facilities",materials,2083.26
P00917,2024-09-09,"Fenwick Legal",software,57.92
P00918,2024-05-20,"Delvin Facilities",software,286.15
P00919,2024-11-12,"Gilder Travel",software,85.8
P00920,2024-04-23,"Alder Supply",logistics,238.22
P00921,2024-08-31,"Fenwick Legal",services,49291.43
P00922,2024-04-16,"Corvin Media",facilities,22560.09
P00923,2024-05-11,"Alder Supply",logistics,348.24
P00924,2024-11-18,"Corvin Media",software,916.33
P00925,2024-01-14,"Alder Supply",logistics,53.89
P00926,2024-06-03,"Delvin Facilities",software,239.82
P00927,2024-06-18,"Delvin Facilities",logistics,3662.84
P00928,2024-08-19,"Delvin Facilities",software,84.03
P00929,2024-01-27,"Delvin Facilities",logistics,1795.37
P00930,2024-09-08,"Gilder Travel",logistics,169.85
P00931,2024-09-08,"Ember IT",software,1202.15
P00932,2024-10-17,"Alder Supply",software,26336.94
P00933,2024-12-14,"Fenwick Legal",materials,26798.25
P00934,2024-07-08,"Ember IT",materials,20.19
P00935,2024-07-08,"Fenwick Legal",logistics,10426.08
P00936,2024-07-04,"Ember IT",logistics,9618.67
P00937,2024-09-24,"Alder Supply",facilities,417.29
P00938,2024-07-11,"Ember IT",logistics,221.01
P00939,2024-07-12,"Corvin Media",materials,25.2
P00940,2024-06-02,"Delvin Facilities",materials,69.74
P00941,2024-11-18,"Corvin Media",facilities,5888.08
P00942,2024-12-24,"Delvin Facilities",services,59661.75
P00943,2024-02-25,"Corvin Media",services,87009.64
P00944,2024-03-31,"Delvin Facilities",services,8824.98
P00945,2024-03-03,"Harlow Print",materials,4087.14
P00946,2024-04-09,"Delvin Facilities",software,74950.36
P00947,2024-02-23,"Delvin Facilities",facilities,10928.58
P00948,2024-12-08,"Fenwick Legal",software,69216.91
P00949,2024-08-28,"Brant Logistics",services,879.97
P00950,2024-04-01,"Gilder Travel",software,436.71
P00951,2024-10-03,"Corvin Media",facilities,1320.04
P00952,2024-10-30,"Harlow Print",services,22340.97
P00953,2024-03-03,"Delvin Facilities",services,44397.45
P00954,2024-04-13,"Brant Logistics",facilities,49312.58
P00955,2024-03-27,"Ember IT",facilities,9756.65
P00956,2024-02-17,"Alder Supply",materials,351.05
P00957,2024-03-12,"Alder Supply",materials,19344.11
P00958,2024-01-19,"Gilder Travel",logistics,549.36
P00959,2024-12-06,"Harlow Print",software,222.43
P00960,2024-02-08,"Ember IT",logistics,9913.04
P00961,2024-05-04,"Ember IT",services,9979.92
P00962,2024-04-24,"Ember IT",materials,9737.18
P00963,2024-01-02,"Delvin Facilities",facilities,2056.95
P00964,2024-03-26,"Brant Logistics",facilities,2786.12
P00965,2024-06-02,"Ember IT",software,2380.57
P00966,2024-11-19,"Fenwick Legal",materials,8336.44
P00967,2024-02-28,"Brant Logistics",software,248.35
P00968,2024-01-30,"Corvin Media",facilities,18469.61
P00969,2024-04-10,"Gilder Travel",logistics,20987.95
P00970,2024-07-16,"Alder Supply",materials,68316.82
P00971,2024-04-10,"Ember IT",logistics,9802.03
P00972,2024-09-02,"Brant Logistics",materials,440.57
P00973,2024-01-07,"Delvin Facilities",facilities,189668.08
P00974,2024-07-11,"Corvin Media",logistics,130094.39
P00975,2024-02-04,"Fenwick Legal",facilities,51004.81
P00976,2024-06-10,"Delvin Facilities",facilities,7703.66
P00977,2024-12-03,"Alder Supply",materials,153.86
P00978,2024-08-26,"Corvin Media",software,168.17
P00979,2024-08-10,"Harlow Print",services,24.78
P00980,2024-10-23,"Brant Logistics",facilities,1777.77
P00981,2024-09-06,"Brant Logistics",materials,94623.14
P00982,2024-04-27,"Alder Supply",software,102027.96
P00983,2024-12-11,"Fenwick Legal",services,58.48
P00984,2024-05-14,"Corvin Media",logistics,31656.17
P00985,2024-06-07,"Alder Supply",software,117380.73
P00986,2024-12-25,"Brant Logistics",facilities,68604.7
P00987,2024-11-24,"Alder Supply",services,1830.18
P00988,2024-09-01,"Alder Supply",materials,16649.21
P00989,2024-02-08,"Gilder Travel",services,28643.58
P00990,2024-03-02,"Ember IT",software,9660.78
P00991,2024-08-31,"Gilder Travel",materials,1446.8
P00992,2024-09-15,"Brant Logistics",facilities,519.63
P00993,2024-11-27,"Alder Supply",logistics,650.7
P00994,2024-07-13,"Delvin Facilities",facilities,25.91
P00995,2024-05-05,"Corvin Media",materials,9468.08
P00996,2024-07-27,"Gilder Travel",facilities,20.73
P00997,2024-07-30,"Harlow Print",materials,676.64
P00998,2024-12-14,"Brant Logistics",services,28.3
P00999,2024-11-10,"Fenwick Legal",logistics,495.39
P01000,2024-07-09,"Corvin Media",materials,1447.87
P01001,2024-04-10,"Brant Logistics",services,856.55
P01002,2024-01-17,"Harlow Print",logistics,40.06
P01003,2024-01-31,"Corvin Media",materials,49.93
P01004,2024-12-06,"Brant Logistics",software,142.85
P01005,2024-07-21,"Alder Supply",facilities,120663.17
P01006,2024-03-20,"Delvin Facilities",services,597.21
P01007,2024-12-20,"Gilder Travel",services,22106.67
P01008,2024-11-22,"Alder Supply",services,211.97
P01009,2024-12-27,"Fenwick Legal",logistics,5730.15
P01010,2024-03-21,"Corvin Media",software,116.7
P01011,2024-02-20,"Ember IT",materials,9004.63
P01012,2024-07-02,"Fenwick Legal",services,7804.41
P01013,2024-06-29,"Delvin Facilities",software,38.42
P01014,2024-08-18,"Corvin Media",logistics,43697.5
P01015,2024-03-28,"Alder Supply",materials,45195.09
P01016,2024-08-09,"Gilder Travel",logistics,8358.04
P01017,2024-02-13,"Ember IT",materials,156181.17
P01018,2024-01-22,"Fenwick Legal",facilities,109386.26
P01019,2024-03-31,"Harlow Print",services,59412.77
P01020,2024-12-11,"Ember IT",services,634.06
P01021,2024-12-01,"Corvin Media",software,6780.36
P01022,2024-08-23,"Harlow Print",services,216.99
P01023,2024-03-01,"Brant Logistics",materials,28104.5
P01024,2024-06-25,"Fenwick Legal",materials,42158.97
P01025,2024-02-02,"Fenwick Legal",services,27.07
P01026,2024-11-17,"Corvin Media",logistics,4992.61
P01027,2024-09-10,"Gilder Travel",services,1963.21
P01028,2024-07-21,"Gilder Travel",software,25.04
P01029,2024-09-13,"Corvin Media",facilities,181.23
P01030,2024-09-03,"Brant Logistics",facilities,44259.86
P01031,2024-06-09,"Gilder Travel",logistics,69.42
P01032,2024-02-27,"Harlow Print",facilities,101.2
P01033,2024-12-27,"Fenwick Legal",services,733.23
P01034,2024-03-12,"Ember IT",facilities,9119.87
P01035,2024-11-13,"Fenwick Legal",logistics,86.3
P01036,2024-10-02,"Brant Logistics",materials,33.62
P01037,2024-08-11,"Fenwick Legal",facilities,2533.53
P01038,2024-12-06,"Delvin Facilities",facilities,21.74
P01039,2024-04-25,"Alder Supply",logistics,12552.03
P01040,2024-01-04,"Fenwick Legal",services,128.57
P01041,2024-02-20,"Corvin Media",services,758.26
P01042,2024-11-12,"Delvin Facilities",facilities,9881.76
P01043,2024-02-20,"Fenwick Legal",materials,117727.41
P01044,2024-04-01,"Fenwick Legal",software,39.97
P01045,2024-09-19,"Harlow Print",facilities,22580.76
P01046,2024-10-27,"Ember IT",logistics,9594.48
P01047,2024-02-02,"Delvin Facilities",services,8297.86
P01048,2024-03-19,"Gilder Travel",services,187606.73
P01049,2024-12-30,"Fenwick Legal",services,34.27
P01050,2024-04-04,"Ember IT",logistics,9288.01
P01051,2024-04-02,"Ember IT",software,171.39
P01052,2024-05-06,"Delvin Facilities",services,59.97
P01053,2024-07-03,"Fenwick Legal",logistics,39097.18
P01054,2024-07-26,"Fenwick Legal",materials,364.61
P01055,2024-06-09,"Harlow Print",software,151094.28
P01056,2024-12-27,"Gilder Travel",logistics,297.84
P01057,2024-11-01,"Corvin Media",logistics,30.41
P01058,2024-05-07,"Ember IT",software,49.02
P01059,2024-08-08,"Fenwick Legal",facilities,9056.92
P01060,2024-09-20,"Gilder Travel",materials,77.24
P01061,2024-11-13,"Fenwick Legal",facilities,7602.79
P01062,2024-02-14,"Alder Supply",materials,1676.32
P01063,2024-03-17,"Corvin Media",logistics,2597.42
P01064,2024-12-01,"Alder Supply",materials,1940.59
P01065,2024-04-01,"Brant Logistics",software,752.43
P01066,2024-03-30,"Fenwick Legal",materials,925.43
P01067,2024-05-26,"Gilder Travel",logistics,115141.29
P01068,2024-06-12,"Alder Supply",facilities,180.46
P01069,2024-04-28,"Delvin Facilities",logistics,24017.27
P01070,2024-09-17,"Fenwick Legal",facilities,31583.75
P01071,2024-10-24,"Alder Supply",materials,1160.19
P01072,2024-09-26,"Harlow Print",software,23.32
P01073,2024-01-24,"Brant Logistics",software,169403.22
P01074,2024-02-19,"Gilder Travel",facilities,52265.92
P01075,2024-07-08,"Ember IT",materials,9636.66
P01076,2024-10-25,"Delvin Facilities",logistics,4444.72
P01077,2024-03-04,"Harlow Print",materials,1485.61
P01078,2024-09-30,"Ember IT",logistics,133108.61
P01079,2024-06-10,"Corvin Media",logistics,50.39
P01080,2024-09-27,"Corvin Media",software,3287.66
P01081,2024-04-24,"Brant Logistics",facilities,100.04
P01082,2024-10-13,"Gilder Travel",logistics,259.63
P01083,2024-06-04,"Alder Supply",facilities,7111.75
P01084,2024-06-15,"Gilder Travel",facilities,112.28
P01085,2024-07-01,"Brant Logistics",materials,1233.44
P01086,2024-07-30,"Alder Supply",services,4207.62
P01087,2024-02-29,"Harlow Print",materials,3609.7
P01088,2024-05-05,"Gilder Travel",software,57303.13
P01089,2024-05-07,"Delvin Facilities",software,13940.75
P01090,2024-05-10,"Corvin Media",materials,126832.93
P01091,2024-02-12,"Delvin Facilities",services,83.78
P01092,2024-08-29,"Delvin Facilities",software,584.22
P01093,2024-02-02,"Fenwick Legal",materials,221.59
P01094,2024-05-21,"Brant Logistics",logistics,59.56
P01095,2024-02-01,"Gilder Travel",facilities,5822.49
P01096,2024-03-20,"Gilder Travel",software,1700.58
P01097,2024-02-06,"Brant Logistics",services,868.3
P01098,2024-09-20,"Brant Logistics",materials,19570.26
P01099,2024-03-22,"Gilder Travel",materials,2450.24
P01100,2024-01-15,"Gilder Travel",facilities,19457.2
P01101,2024-06-25,"Alder Supply",services,13853.94
P01102,2024-02-28,"Gilder Travel",facilities,20895.76
P01103,2024-05-16,"Alder Supply",facilities,78.43
P01104,2024-04-08,"Alder Supply",services,125.72
P01105,2024-01-21,"Fenwick Legal",services,72801.43
P01106,2024-07-09,"Ember IT",software,27852.36
P01107,2024-01-16,"Ember IT",services,129.84
P01108,2024-06-29,"Ember IT",facilities,9173.38
P01109,2024-07-15,"Brant Logistics",logistics,20212.83
P01110,2024-02-16,"Gilder Travel",services,5383.85
P01111,2024-02-07,"Brant Logistics",facilities,1409.21
P01112,2024-10-23,"Alder Supply",facilities,16164.4
P01113,2024-10-12,"Delvin Facilities",software,719.16
P01114,2024-02-22,"Delvin Facilities",logistics,50.23
P01115,2024-04-02,"Ember IT",materials,9227.8
P01116,2024-06-16,"Alder Supply",software,474.18
P01117,2024-03-21,"Fenwick Legal",facilities,31230.33
P01118,2024-06-27,"Ember IT",materials,9267.41
P01119,2024-01-04,"Gilder Travel",services,27672.19
P01120,2024-09-06,"Delvin Facilities",logistics,10973.97
P01121,2024-11-17,"Ember IT",software,9568.23
P01122,2024-08-28,"Ember IT",materials,9525.61
P01123,2024-06-01,"Corvin Media",facilities,5902.95
P01124,2024-11-06,"Harlow Print",software,62850.83
P01125,2024-09-06,"Alder Supply",logistics,208.4
P01126,2024-03-02,"Delvin Facilities",materials,3257.21
P01127,2024-08-09,"Delvin Facilities",services,18250.89
P01128,2024-04-26,"Gilder Travel",services,142.65
P01129,2024-06-24,"Alder Supply",software,136.33
P01130,2024-07-07,"Ember IT",logistics,9474.03
P01131,2024-06-24,"Delvin Facilities",logistics,513.92
P01132,2024-05-29,"Gilder Travel",services,127251.36
P01133,2024-09-01,"Fenwick Legal",facilities,26407.05
P01134,2024-06-21,"Alder Supply",materials,1413.47
P01135,2024-04-04,"Gilder Travel",software,22.08
P01136,2024-11-01,"Brant Logistics",facilities,2055.46
P01137,2024-07-02,"Fenwick Legal",software,18531.68
P01138,2024-09-13,"Alder Supply",facilities,1107.55
P01139,2024-01-08,"Corvin Media",facilities,61646.53
P01140,2024-02-21,"Brant Logistics",materials,17732.63
P01141,2024-01-01,"Gilder Travel",logistics,207.96
P01142,2024-08-11,"Delvin Facilities",software,7514.1
P01143,2024-08-28,"Fenwick Legal",services,109642.77
P01144,2024-11-06,"Fenwick Legal",materials,1103.58
P01145,2024-08-09,"Fenwick Legal",facilities,26051.86
P01146,2024-05-15,"Alder Supply",software,40670.84
P01147,2024-10-04,"Delvin Facilities",services,4447.45
P01148,2024-08-31,"Alder Supply",logistics,8554.23
P01149,2024-04-03,"Fenwick Legal",logistics,74.8
P01150,2024-01-31,"Gilder Travel",materials,1196.28
P01151,2024-02-02,"Gilder Travel",software,497.48
P01152,2024-03-21,"Ember IT",logistics,778.97
P01153,2024-04-21,"Alder Supply",facilities,4730.17
P01154,2024-06-12,"Alder Supply",software,49834.06
P01155,2024-11-18,"Ember IT",materials,9454.78
P01156,2024-02-24,"Alder Supply",facilities,77.74
P01157,2024-11-20,"Harlow Print",software,1804.52
P01158,2024-12-05,"Delvin Facilities",logistics,27502.99
P01159,2024-10-19,"Brant Logistics",facilities,36.84
P01160,2024-09-16,"Ember IT",facilities,9402.68
P01161,2024-04-06,"Corvin Media",materials,90919.29
P01162,2024-03-30,"Ember IT",materials,9880.82
P01163,2024-06-30,"Harlow Print",software,44.31
P01164,2024-11-09,"Harlow Print",software,5412.16
P01165,2024-10-22,"Brant Logistics",software,2487.45
P01166,2024-06-21,"Corvin Media",materials,1111.08
P01167,2024-08-26,"Brant Logistics",facilities,3493.49
P01168,2024-05-05,"Fenwick Legal",facilities,302.29
P01169,2024-01-23,"Delvin Facilities",logistics,86.61
P01170,2024-10-10,"Brant Logistics",facilities,131.02
P01171,2024-04-05,"Corvin Media",software,3715.34
P01172,2024-08-21,"Corvin Media",services,654.45
P01173,2024-11-25,"Gilder Travel",logistics,2300.59
P01174,2024-09-23,"Alder Supply",software,8204.29
P01175,2024-04-21,"Ember IT",services,9783.51
P01176,2024-08-06,"Brant Logistics",services,441.26
P01177,2024-10-27,"Brant Logistics",services,1580.85
P01178,2024-01-11,"Brant Logistics",logistics,565.9
P01179,2024-04-27,"Fenwick Legal",software,33.21
P01180,2024-03-12,"Ember IT",materials,37.51
P01181,2024-05-16,"Fenwick Legal",services,13009.92
P01182,2024-06-27,"Ember IT",facilities,164.14
P01183,2024-01-04,"Ember IT",materials,9218.28
P01184,2024-10-31,"Ember IT",facilities,9314.37
P01185,2024-04-16,"Gilder Travel",software,1047.76
P01186,2024-10-12,"Alder Supply",materials,126955.34
P01187,2024-08-08,"Corvin Media",facilities,1742.24
P01188,2024-01-10,"Fenwick Legal",logistics,6563.63
P01189,2024-05-07,"Corvin Media",logistics,36339.36
P01190,2024-05-09,"Harlow Print",logistics,3025.26
P01191,2024-11-11,"Ember IT",services,9148.91
P01192,2024-01-11,"Brant Logistics",logistics,181938.2
P01193,2024-03-12,"Corvin Media",logistics,126.12
P01194,2024-11-27,"Alder Supply",facilities,57.46
P01195,2024-06-16,"Delvin Facilities",facilities,3732.73
P01196,2024-12-29,"Corvin Media",logistics,6625.54
P01197,2024-10-09,"Ember IT",services,5084.32
P01198,2024-07-09,"Fenwick Legal",facilities,129.96
P01199,2024-06-27,"Fenwick Legal",facilities,11824.88
P01200,2024-07-28,"Harlow Print",logistics,272.78
P01201,2024-10-27,"Brant Logistics",software,14937.89
P01202,2024-05-01,"Fenwick Legal",materials,35273.96
P01203,2024-08-18,"Delvin Facilities",logistics,956.2
P01204,2024-08-06,"Gilder Travel",services,623.8
P01205,2024-06-30,"Harlow Print",facilities,667.54
P01206,2024-10-12,"Corvin Media",services,93959.43
P01207,2024-08-11,"Corvin Media",facilities,242.01
P01208,2024-05-17,"Gilder Travel",services,188458.63
P01209,2024-07-21,"Ember IT",facilities,2566.73
P01210,2024-05-07,"Brant Logistics",logistics,19491.95
P01211,2024-12-03,"Fenwick Legal",software,103489.35
P01212,2024-08-04,"Harlow Print",services,2437.21
P01213,2024-02-05,"Brant Logistics",facilities,82506.15
P01214,2024-03-14,"Alder Supply",materials,35983.28
P01215,2024-10-26,"Harlow Print",materials,380.77
P01216,2024-03-06,"Ember IT",materials,9905.32
P01217,2024-02-02,"Corvin Media",facilities,1733.34
P01218,2024-12-01,"Delvin Facilities",logistics,111.35
P01219,2024-06-02,"Corvin Media",materials,58904.24
P01220,2024-01-14,"Delvin Facilities",software,21.9
P01221,2024-04-08,"Fenwick Legal",software,54887.46
P01222,2024-08-09,"Ember IT",services,141244.23
P01223,2024-04-19,"Gilder Travel",software,14549.08
P01224,2024-03-29,"Alder Supply",facilities,56.77
P01225,2024-05-14,"Gilder Travel",logistics,4166.57
P01226,2024-12-13,"Ember IT",materials,9275.26
P01227,2024-08-21,"Fenwick Legal",services,77.56
P01228,2024-03-10,"Brant Logistics",materials,141299.27
P01229,2024-11-13,"Ember IT",facilities,9871.59
P01230,2024-06-14,"Harlow Print",materials,12074.69
P01231,2024-01-11,"Harlow Print",software,21868.71
P01232,2024-04-13,"Brant Logistics",services,67602.04
P01233,2024-12-21,"Alder Supply",logistics,6392.23
P01234,2024-06-23,"Alder Supply",services,481.64
P01235,2024-12-18,"Alder Supply",services,399.42
P01236,2024-11-13,"Fenwick Legal",materials,162.21
P01237,2024-08-06,"Brant Logistics",materials,29.52
P01238,2024-12-12,"Alder Supply",facilities,116.74
P01239,2024-01-22,"Corvin Media",services,536.78
P01240,2024-01-07,"Gilder Travel",materials,100334.91
P01241,2024-08-11,"Ember IT",software,9307.17
P01242,2024-01-29,"Fenwick Legal",logistics,2385.72
P01243,2024-12-05,"Fenwick Legal",services,41.86
P01244,2024-03-25,"Alder Supply",software,126858.46
P01245,2024-12-29,"Gilder Travel",software,465.04
P01246,2024-11-22,"Fenwick Legal",facilities,15215.99
P01247,2024-12-25,"Alder Supply",materials,5023.63
P01248,2024-12-13,"Corvin Media",software,63.73
P01249,2024-05-03,"Brant Logistics",services,3536.04
P01250,2024-02-08,"Fenwick Legal",materials,21.39
P01251,2024-02-07,"Fenwick Legal",facilities,3383.65
P01252,2024-11-03,"Ember IT",software,9495.56
P01253,2024-10-20,"Delvin Facilities",materials,160910.69
P01254,2024-11-04,"Fenwick Legal",materials,4984.28
P01255,2024-08-15,"Gilder Travel",materials,117997.64
P01256,2024-12-14,"Alder Supply",software,50.27
P01257,2024-05-02,"Harlow Print",materials,154835.16
P01258,2024-06-17,"Fenwick Legal",services,28888.34
P01259,2024-05-24,"Brant Logistics",software,35308.21
P01260,2024-01-29,"Fenwick Legal",facilities,98821.22
P01261,2024-09-25,"Ember IT",services,9203.02
P01262,2024-03-11,"Alder Supply",software,78681.88
P01263,2024-03-28,"Alder Supply",materials,27.32
P01264,2024-12-17,"Fenwick Legal",facilities,2069.67
P01265,2024-02-25,"Alder Supply",software,70.71
P01266,2024-10-15,"Brant Logistics",software,26.34
P01267,2024-08-09,"Alder Supply",facilities,467.73
P01268,2024-11-06,"Delvin Facilities",facilities,50312.18
P01269,2024-04-02,"Fenwick Legal",logistics,69313.83
P01270,2024-07-09,"Harlow Print",logistics,110.42
P01271,2024-12-18,"Alder Supply",logistics,131150.88
P01272,2024-12-12,"Delvin Facilities",logistics,1221.78
P01273,2024-04-29,"Fenwick Legal",services,4318.51
P01274,2024-11-11,"Corvin Media",services,14867.86
P01275,2024-02-26,"Fenwick Legal",services,44521.96
P01276,2024-03-03,"Alder Supply",software,167.45
P01277,2024-11-01,"Ember IT",services,9218.58
P01278,2024-08-29,"Delvin Facilities",services,47.79
P01279,2024-07-03,"Ember IT",software,9409.87
P01280,2024-02-27,"Brant Logistics",materials,20.21
P01281,2024-12-21,"Corvin Media",software,5695.91
P01282,2024-03-04,"Fenwick Legal",services,97.7
P01283,2024-12-26,"Gilder Travel",services,58565.49
P01284,2024-08-27,"Brant Logistics",facilities,336.32
P01285,2024-01-05,"Alder Supply",facilities,120.2
P01286,2024-02-09,"Delvin Facilities",logistics,447.62
P01287,2024-01-31,"Gilder Travel",materials,65891.06
P01288,2024-02-06,"Fenwick Legal",services,40770.66
P01289,2024-11-28,"Ember IT",facilities,9575.44
P01290,2024-05-07,"Gilder Travel",services,159758.14
P01291,2024-01-01,"Corvin Media",services,404.71
P01292,2024-09-05,"Harlow Print",facilities,351.25
P01293,2024-02-20,"Corvin Media",facilities,78.73
P01294,2024-04-20,"Corvin Media",services,72204.39
P01295,2024-08-12,"Brant Logistics",software,114.18
P01296,2024-03-20,"Ember IT",materials,8824
P01297,2024-09-17,"Ember IT",logistics,9919.86
P01298,2024-06-10,"Harlow Print",logistics,326
P01299,2024-07-23,"Gilder Travel",services,1652.87
P01300,2024-10-25,"Gilder Travel",facilities,1372.57
P01301,2024-03-30,"Brant Logistics",services,113.98
P01302,2024-07-12,"Delvin Facilities",software,43.84
P01303,2024-10-06,"Harlow Print",materials,97606.25
P01304,2024-04-13,"Harlow Print",materials,53.09
P01305,2024-12-20,"Alder Supply",facilities,51.03
P01306,2024-11-08,"Alder Supply",facilities,2009.23
P01307,2024-03-13,"Delvin Facilities",facilities,3398.94
P01308,2024-07-06,"Ember IT",materials,25.88
P01309,2024-11-02,"Harlow Print",logistics,841.28
P01310,2024-11-09,"Brant Logistics",software,24347.95
P01311,2024-06-25,"Harlow Print",materials,26.52
P01312,2024-02-16,"Harlow Print",facilities,347.8
P01313,2024-08-05,"Harlow Print",services,2143.25
P01314,2024-01-19,"Ember IT",logistics,119694.32
P01315,2024-03-25,"Alder Supply",software,316.89
P01316,2024-08-24,"Alder Supply",logistics,345.77
P01317,2024-06-09,"Gilder Travel",facilities,152846.35
P01318,2024-09-08,"Harlow Print",software,46.71
P01319,2024-07-12,"Ember IT",software,55883.41
P01320,2024-12-15,"Alder Supply",services,571.61
P01321,2024-04-22,"Brant Logistics",materials,39656.11
P01322,2024-04-24,"Alder Supply",logistics,110699.73
P01323,2024-06-03,"Harlow Print",software,243.41
P01324,2024-07-30,"Corvin Media",facilities,7074.52
P01325,2024-05-07,"Corvin Media",logistics,61477.81
P01326,2024-01-08,"Alder Supply",software,6388.36
P01327,2024-05-19,"Gilder Travel",facilities,9307.73
P01328,2024-01-13,"Fenwick Legal",materials,13650.46
P01329,2024-08-18,"Delvin Facilities",materials,61.57
P01330,2024-04-16,"Ember IT",facilities,9824.49
P01331,2024-01-11,"Ember IT",software,56.51
P01332,2024-11-11,"Brant Logistics",facilities,198.98
P01333,2024-12-25,"Harlow Print",materials,21.48
P01334,2024-06-09,"Alder Supply",facilities,18436.91
P01335,2024-06-21,"Delvin Facilities",materials,28.39
P01336,2024-05-19,"Brant Logistics",materials,15200.93
P01337,2024-05-05,"Ember IT",services,3979.61
P01338,2024-04-18,"Corvin Media",facilities,13551.99
P01339,2024-04-19,"Harlow Print",facilities,28590.1
P01340,2024-02-01,"Harlow Print",logistics,13138.96
P01341,2024-04-01,"Delvin Facilities",materials,2202.94
P01342,2024-04-29,"Harlow Print",services,1361.96
P01343,2024-08-26,"Harlow Print",materials,311.25
P01344,2024-10-22,"Brant Logistics",services,2091.78
P01345,2024-11-28,"Corvin Media",software,27.71
P01346,2024-05-08,"Brant Logistics",software,54672.61
P01347,2024-07-30,"Brant Logistics",software,7989.29
P01348,2024-01-31,"Alder Supply",software,33836.5
P01349,2024-06-27,"Ember IT",software,644.42
P01350,2024-10-20,"Gilder Travel",services,371.87
P01351,2024-01-25,"Brant Logistics",facilities,669.32
P01352,2024-03-20,"Brant Logistics",materials,31026.36
P01353,2024-05-21,"Ember IT",services,9192.07
P01354,2024-09-06,"Corvin Media",facilities,21.57
P01355,2024-10-12,"Alder Supply",software,14467.78
P01356,2024-07-18,"Brant Logistics",facilities,180115.36
P01357,2024-05-09,"Harlow Print",services,5180.85
P01358,2024-08-27,"Alder Supply",materials,41679.35
P01359,2024-10-01,"Fenwick Legal",logistics,29046.46
P01360,2024-08-29,"Delvin Facilities",facilities,3446.18
P01361,2024-05-04,"Corvin Media",software,691.94
P01362,2024-04-23,"Corvin Media",facilities,6561.21
P01363,2024-12-09,"Brant Logistics",logistics,3324.44
P01364,2024-12-08,"Gilder Travel",services,124473.82
P01365,2024-11-11,"Delvin Facilities",facilities,12934.08
P01366,2024-08-05,"Fenwick Legal",software,29.19
P01367,2024-06-28,"Brant Logistics",facilities,648.71
P01368,2024-08-04,"Gilder Travel",logistics,86.07
P01369,2024-09-05,"Brant Logistics",services,331.17
P01370,2024-05-01,"Fenwick Legal",services,10743.33
P01371,2024-04-19,"Brant Logistics",materials,17957.85
P01372,2024-02-26,"Brant Logistics",services,146.59
P01373,2024-06-20,"Fenwick Legal",software,1120.28
P01374,2024-10-31,"Corvin Media",software,38491.17
P01375,2024-02-26,"Alder Supply",facilities,1591.21
P01376,2024-02-11,"Delvin Facilities",services,292.74
P01377,2024-02-01,"Alder Supply",materials,33519.31
P01378,2024-11-15,"Alder Supply",services,3314.16
P01379,2024-12-10,"Gilder Travel",software,41278.97
P01380,2024-06-07,"Brant Logistics",services,43.44
P01381,2024-09-15,"Brant Logistics",materials,12008.31
P01382,2024-11-06,"Gilder Travel",software,33.63
P01383,2024-02-25,"Corvin Media",software,147.28
P01384,2024-02-14,"Fenwick Legal",facilities,4772.1
P01385,2024-01-20,"Brant Logistics",facilities,25.61
P01386,2024-07-04,"Brant Logistics",services,10162.32
P01387,2024-09-27,"Alder Supply",services,84.23
P01388,2024-07-04,"Harlow Print",software,16389.82
P01389,2024-02-29,"Gilder Travel",logistics,92777.63
P01390,2024-05-18,"Ember IT",services,180760.13
P01391,2024-10-22,"Ember IT",materials,9815.23
P01392,2024-10-04,"Gilder Travel",services,69.11
P01393,2024-08-16,"Fenwick Legal",software,975.25
P01394,2024-11-09,"Fenwick Legal",facilities,120.09
P01395,2024-04-05,"Harlow Print",facilities,254.25
P01396,2024-07-01,"Brant Logistics",facilities,45056.61
P01397,2024-02-19,"Harlow Print",services,14379.74
P01398,2024-05-18,"Harlow Print",facilities,62.6
P01399,2024-12-12,"Corvin Media",software,4381.42
P01400,2024-07-16,"Alder Supply",materials,152631.39
P01401,2024-08-17,"Gilder Travel",software,325.49
P01402,2024-04-22,"Fenwick Legal",software,961.22
P01403,2024-09-11,"Gilder Travel",services,64547.17
P01404,2024-01-22,"Corvin Media",logistics,203.49
P01405,2024-03-31,"Delvin Facilities",software,4042.67
P01406,2024-11-13,"Harlow Print",materials,614.85
P01407,2024-07-22,"Corvin Media",facilities,543.71
P01408,2024-08-01,"Harlow Print",software,152.59
P01409,2024-06-21,"Fenwick Legal",software,223.91
P01410,2024-04-20,"Alder Supply",logistics,8338.84
P01411,2024-10-31,"Brant Logistics",services,73.69
P01412,2024-10-05,"Ember IT",logistics,34.57
P01413,2024-04-13,"Fenwick Legal",software,121.55
P01414,2024-07-26,"Corvin Media",facilities,40949.86
P01415,2024-01-31,"Alder Supply",facilities,12431.16
P01416,2024-03-31,"Corvin Media",logistics,1089.13
P01417,2024-02-07,"Corvin Media",facilities,397.01
P01418,2024-03-31,"Ember IT",logistics,9119.07
P01419,2024-07-10,"Harlow Print",services,61786.15
P01420,2024-07-22,"Ember IT",facilities,898.89
P01421,2024-08-10,"Ember IT",materials,9326.9
P01422,2024-12-19,"Harlow Print",services,10707.3
P01423,2024-10-10,"Gilder Travel",services,46899.23
P01424,2024-07-15,"Alder Supply",services,106435.18
P01425,2024-04-18,"Ember IT",services,9555.11
P01426,2024-12-16,"Corvin Media",software,8343.3
P01427,2024-02-09,"Corvin Media",logistics,36.31
P01428,2024-12-04,"Gilder Travel",materials,866.91
P01429,2024-10-05,"Corvin Media",services,123.91
P01430,2024-03-14,"Delvin Facilities",software,96665.9
P01431,2024-06-09,"Fenwick Legal",services,22871.83
P01432,2024-12-20,"Ember IT",facilities,7283.88
P01433,2024-12-05,"Fenwick Legal",services,185.01
P01434,2024-05-01,"Delvin Facilities",services,27879.23
P01435,2024-07-16,"Alder Supply",services,1885
P01436,2024-01-09,"Ember IT",facilities,9256.64
P01437,2024-03-27,"Harlow Print",services,977.93
P01438,2024-06-07,"Harlow Print",facilities,89023.14
P01439,2024-03-24,"Gilder Travel",facilities,79915.92
P01440,2024-07-01,"Brant Logistics",software,2185.43
P01441,2024-08-27,"Gilder Travel",logistics,36.06
P01442,2024-10-11,"Delvin Facilities",materials,49098.06
P01443,2024-12-30,"Ember IT",logistics,513.52
P01444,2024-12-15,"Delvin Facilities",logistics,945.2
P01445,2024-07-19,"Alder Supply",software,3541.67
P01446,2024-05-30,"Gilder Travel",facilities,345.7
P01447,2024-04-05,"Harlow Print",services,14657.59
P01448,2024-12-21,"Corvin Media",software,107503.5
P01449,2024-03-30,"Alder Supply",materials,74140.16
P01450,2024-05-12,"Delvin Facilities",services,788.8
P01451,2024-02-27,"Fenwick Legal",software,61342.46
P01452,2024-07-15,"Fenwick Legal",services,228.68
P01453,2024-01-16,"Delvin Facilities",services,4401.51
P01454,2024-01-09,"Brant Logistics",materials,6335.16
P01455,2024-01-01,"Alder Supply",facilities,330.23
P01456,2024-05-25,"Gilder Travel",services,131939.45
P01457,2024-08-30,"Fenwick Legal",facilities,36490.22
P01458,2024-08-20,"Gilder Travel",services,677.75
P01459,2024-05-04,"Harlow Print",software,497.88
P01460,2024-03-28,"Corvin Media",services,161.8
P01461,2024-02-15,"Ember IT",software,9706.81
P01462,2024-04-25,"Delvin Facilities",materials,3453.01
P01463,2024-11-09,"Harlow Print",logistics,19153.93
P01464,2024-08-19,"Alder Supply",logistics,25.02
P01465,2024-12-27,"Alder Supply",facilities,129.16
P01466,2024-10-15,"Harlow Print",services,197434.84
P01467,2024-01-09,"Delvin Facilities",services,131.48
P01468,2024-10-14,"Brant Logistics",logistics,42119.84
P01469,2024-05-27,"Fenwick Legal",materials,76.71
P01470,2024-03-20,"Alder Supply",materials,35571.84
P01471,2024-03-08,"Alder Supply",logistics,29166.03
P01472,2024-03-23,"Fenwick Legal",materials,4324.3
P01473,2024-02-15,"Ember IT",materials,9354.47
P01474,2024-12-05,"Brant Logistics",logistics,2631.98
P01475,2024-11-05,"Corvin Media",services,147505
P01476,2024-11-26,"Ember IT",facilities,974.09
P01477,2024-08-14,"Delvin Facilities",software,128689.04
P01478,2024-10-31,"Harlow Print",materials,773.28
P01479,2024-08-22,"Brant Logistics",logistics,80.51
P01480,2024-01-29,"Gilder Travel",software,412.95
P01481,2024-03-03,"Corvin Media",services,50.04
P01482,2024-06-25,"Brant Logistics",materials,63426.97
P01483,2024-11-02,"Corvin Media",services,8185.79
P01484,2024-09-11,"Gilder Travel",logistics,878.09
P01485,2024-11-02,"Harlow Print",software,1179.78
P01486,2024-02-26,"Delvin Facilities",facilities,6975.2
P01487,2024-04-29,"Corvin Media",materials,19992.87
P01488,2024-07-31,"Fenwick Legal",software,9225.62
P01489,2024-08-14,"Corvin Media",materials,236.6
P01490,2024-12-21,"Ember IT",services,9615.61
P01491,2024-09-15,"Harlow Print",services,22.34
P01492,2024-07-31,"Delvin Facilities",facilities,1035.92
P01493,2024-03-21,"Delvin Facilities",services,174.39
P01494,2024-01-30,"Alder Supply",services,2406.97
P01495,2024-09-16,"Alder Supply",logistics,27.49
P01496,2024-10-27,"Fenwick Legal",logistics,6282.89
P01497,2024-04-25,"Fenwick Legal",software,48582.88
P01498,2024-01-14,"Corvin Media",facilities,78049.58
P01499,2024-11-29,"Corvin Media",logistics,4983.43
P01500,2024-08-04,"Corvin Media",software,29555.18
P01501,2024-10-02,"Corvin Media",software,55.52
P01502,2024-12-05,"Fenwick Legal",services,114.57
P01503,2024-11-07,"Corvin Media",software,10625.83
P01504,2024-11-02,"Alder Supply",facilities,28.31
P01505,2024-04-15,"Brant Logistics",logistics,1816.7
P01506,2024-11-20,"Harlow Print",logistics,159.4
P01507,2024-06-10,"Brant Logistics",facilities,8113.52
P01508,2024-04-11,"Brant Logistics",logistics,1921.79
P01509,2024-01-18,"Harlow Print",software,730.32
P01510,2024-07-04,"Alder Supply",services,367.8
P01511,2024-02-22,"Gilder Travel",software,66501.8
P01512,2024-01-07,"Alder Supply",services,102666.6
P01513,2024-06-22,"Brant Logistics",logistics,1646.45
P01514,2024-01-02,"Delvin Facilities",facilities,133.25
P01515,2024-09-22,"Fenwick Legal",services,87141.29
P01516,2024-02-13,"Brant Logistics",logistics,26459.42
P01517,2024-04-15,"Corvin Media",materials,28.11
P01518,2024-03-06,"Harlow Print",software,53485.84
P01519,2024-06-15,"Ember IT",services,5203.7
P01520,2024-10-25,"Brant Logistics",services,2262.32
P01521,2024-02-16,"Harlow Print",facilities,20214.91
P01522,2024-07-05,"Harlow Print",materials,46930.91
P01523,2024-06-23,"Brant Logistics",materials,728.12
P01524,2024-01-10,"Fenwick Legal",logistics,50.55
P01525,2024-12-20,"Fenwick Legal",services,41553.48
P01526,2024-08-06,"Gilder Travel",materials,36.67
P01527,2024-09-22,"Brant Logistics",facilities,1766.25
P01528,2024-12-12,"Fenwick Legal",services,10438.11
P01529,2024-12-05,"Harlow Print",software,11307.44
P01530,2024-02-05,"Fenwick Legal",facilities,69.52
P01531,2024-12-10,"Corvin Media",materials,134.08
P01532,2024-10-10,"Ember IT",logistics,9551.24
P01533,2024-04-08,"Ember IT",software,9704.95
P01534,2024-10-26,"Brant Logistics",materials,54324.15
P01535,2024-11-26,"Ember IT",logistics,9256.75
P01536,2024-03-31,"Fenwick Legal",services,27.85
P01537,2024-11-27,"Gilder Travel",facilities,37.72
P01538,2024-10-14,"Gilder Travel",materials,15994.42
P01539,2024-05-15,"Gilder Travel",logistics,98999.67
P01540,2024-10-30,"Harlow Print",logistics,2256.39
P01541,2024-03-30,"Gilder Travel",facilities,105.68
P01542,2024-10-16,"Alder Supply",services,182100.66
P01543,2024-01-10,"Fenwick Legal",services,19497.5
P01544,2024-10-10,"Fenwick Legal",materials,2113.27
P01545,2024-01-16,"Ember IT",logistics,9579.22
P01546,2024-04-22,"Gilder Travel",materials,153.5
P01547,2024-08-09,"Alder Supply",materials,1643.53
P01548,2024-03-22,"Harlow Print",facilities,119.19
P01549,2024-05-13,"Corvin Media",software,1944.98
P01550,2024-01-08,"Gilder Travel",services,1787.45
P01551,2024-06-17,"Alder Supply",logistics,13557.4
P01552,2024-04-11,"Ember IT",materials,9484.34
P01553,2024-11-29,"Ember IT",services,9238.33
P01554,2024-04-16,"Ember IT",materials,25591.59
P01555,2024-11-15,"Gilder Travel",materials,2394.37
P01556,2024-06-13,"Alder Supply",services,54547.19
P01557,2024-06-29,"Ember IT",services,134497.75
P01558,2024-10-12,"Alder Supply",logistics,77359.09
P01559,2024-09-06,"Harlow Print",services,67271.01
P01560,2024-12-03,"Harlow Print",facilities,244.69
P01561,2024-06-28,"Ember IT",facilities,9391.98
P01562,2024-05-17,"Delvin Facilities",services,85.66
P01563,2024-05-05,"Alder Supply",software,6191.61
P01564,2024-05-23,"Corvin Media",software,7808.78
P01565,2024-01-23,"Corvin Media",logistics,21481.32
P01566,2024-08-28,"Fenwick Legal",materials,9041.48
P01567,2024-08-02,"Ember IT",facilities,80654.01
P01568,2024-08-24,"Fenwick Legal",services,642.36
P01569,2024-01-31,"Alder Supply",logistics,406.84
P01570,2024-10-23,"Brant Logistics",materials,47.52
P01571,2024-05-03,"Delvin Facilities",logistics,499.05
P01572,2024-11-05,"Harlow Print",materials,467.17
P01573,2024-06-24,"Alder Supply",facilities,52040.55
P01574,2024-09-26,"Alder Supply",logistics,4503.26
P01575,2024-06-20,"Fenwick Legal",logistics,37.3
P01576,2024-02-10,"Alder Supply",software,1755.24
P01577,2024-04-10,"Corvin Media",facilities,931.93
P01578,2024-10-18,"Brant Logistics",logistics,21.77
P01579,2024-11-17,"Harlow Print",facilities,406.84
P01580,2024-02-09,"Alder Supply",materials,160896.88
P01581,2024-01-25,"Corvin Media",services,214.83
P01582,2024-05-23,"Brant Logistics",logistics,9768.08
P01583,2024-09-19,"Fenwick Legal",software,108289.29
P01584,2024-08-14,"Alder Supply",logistics,4257.22
P01585,2024-02-03,"Brant Logistics",logistics,3875.44
P01586,2024-10-14,"Corvin Media",logistics,843.18
P01587,2024-08-04,"Gilder Travel",software,1013.89
P01588,2024-03-08,"Fenwick Legal",services,1713.43
P01589,2024-03-09,"Brant Logistics",logistics,52194.91
P01590,2024-03-18,"Delvin Facilities",services,28.93
P01591,2024-02-11,"Gilder Travel",logistics,3020.92
P01592,2024-07-16,"Fenwick Legal",logistics,54398.86
P01593,2024-02-08,"Fenwick Legal",materials,361.52
P01594,2024-09-20,"Fenwick Legal",services,352.7
P01595,2024-09-06,"Fenwick Legal",software,5643.36
P01596,2024-02-03,"Delvin Facilities",software,50.38
P01597,2024-01-11,"Fenwick Legal",software,158599.17
P01598,2024-04-28,"Delvin Facilities",materials,438.77
P01599,2024-04-01,"Alder Supply",logistics,131016.04
P01600,2024-05-27,"Gilder Travel",logistics,12525.59
P01601,2024-01-05,"Brant Logistics",materials,2272.99
P01602,2024-01-19,"Ember IT",software,9442.48
P01603,2024-04-29,"Ember IT",services,9579.32
P01604,2024-03-09,"Alder Supply",materials,188.31
P01605,2024-06-13,"Brant Logistics",logistics,26.6
P01606,2024-11-02,"Harlow Print",materials,164377.17
P01607,2024-12-21,"Fenwick Legal",software,21.28
P01608,2024-01-11,"Brant Logistics",materials,1506.55
P01609,2024-02-26,"Ember IT",facilities,9195.93
P01610,2024-02-02,"Alder Supply",logistics,23.21
P01611,2024-06-20,"Alder Supply",logistics,1940.99
P01612,2024-11-17,"Fenwick Legal",services,3623.96
P01613,2024-02-22,"Gilder Travel",logistics,293.23
P01614,2024-07-02,"Harlow Print",facilities,85102.1
P01615,2024-12-17,"Gilder Travel",software,88.09
P01616,2024-07-08,"Delvin Facilities",services,45597.94
P01617,2024-07-09,"Fenwick Legal",materials,1244.49
P01618,2024-08-26,"Harlow Print",materials,1039.28
P01619,2024-11-28,"Delvin Facilities",logistics,35667.14
P01620,2024-08-16,"Alder Supply",facilities,9214.24
P01621,2024-10-08,"Delvin Facilities",materials,841.14
P01622,2024-12-27,"Brant Logistics",facilities,173864.26
P01623,2024-06-27,"Delvin Facilities",logistics,50.76
P01624,2024-12-11,"Delvin Facilities",services,197.56
P01625,2024-02-14,"Delvin Facilities",facilities,69191.82
P01626,2024-05-16,"Brant Logistics",materials,12596.46
P01627,2024-08-23,"Fenwick Legal",services,727.4
P01628,2024-01-13,"Harlow Print",software,118982.03
P01629,2024-06-05,"Fenwick Legal",facilities,24.55
P01630,2024-12-10,"Gilder Travel",materials,15988.43
P01631,2024-02-03,"Gilder Travel",materials,7662.25
P01632,2024-09-01,"Alder Supply",facilities,69.36
P01633,2024-07-30,"Alder Supply",software,64.59
P01634,2024-09-14,"Harlow Print",software,11137.46
P01635,2024-06-09,"Gilder Travel",software,151937.35
P01636,2024-02-24,"Corvin Media",software,4944.1
P01637,2024-04-16,"Brant Logistics",facilities,116.95
P01638,2024-03-14,"Brant Logistics",services,6890.95
P01639,2024-10-21,"Corvin Media",software,33438.7
P01640,2024-05-30,"Ember IT",logistics,25613.74
P01641,2024-07-25,"Corvin Media",logistics,1202.29
P01642,2024-07-24,"Ember IT",facilities,9631.29
P01643,2024-03-08,"Ember IT",logistics,9933.09
P01644,2024-06-26,"Harlow Print",materials,60866.87
P01645,2024-07-26,"Delvin Facilities",facilities,1863.45
P01646,2024-06-06,"Ember IT",logistics,9561.96
P01647,2024-01-22,"Fenwick Legal",services,137072.08
P01648,2024-12-07,"Delvin Facilities",software,597.16
P01649,2024-10-15,"Corvin Media",software,1069.34
P01650,2024-02-04,"Brant Logistics",materials,181775.68
P01651,2024-10-27,"Harlow Print",facilities,35.03
P01652,2024-06-18,"Fenwick Legal",services,79.1
P01653,2024-01-01,"Fenwick Legal",services,60.81
P01654,2024-05-23,"Ember IT",software,9585.47
P01655,2024-10-04,"Gilder Travel",software,69.02
P01656,2024-10-31,"Harlow Print",materials,14961.33
P01657,2024-01-29,"Ember IT",software,9716.78
P01658,2024-02-13,"Fenwick Legal",logistics,519.18
P01659,2024-12-10,"Delvin Facilities",materials,6329.44
P01660,2024-04-17,"Corvin Media",logistics,271.34
P01661,2024-10-02,"Harlow Print",materials,41.85
P01662,2024-08-26,"Ember IT",software,9101.85
P01663,2024-12-23,"Harlow Print",logistics,2385.26
P01664,2024-02-19,"Corvin Media",services,2607.16
P01665,2024-12-11,"Delvin Facilities",materials,31.68
P01666,2024-04-17,"Alder Supply",services,21.15
P01667,2024-02-05,"Corvin Media",facilities,10799.32
P01668,2024-04-02,"Corvin Media",materials,6234.32
P01669,2024-09-11,"Fenwick Legal",facilities,37109.96
P01670,2024-03-07,"Alder Supply",software,6704
P01671,2024-07-18,"Harlow Print",services,67788.5
P01672,2024-06-25,"Ember IT",software,9949.64
P01673,2024-04-28,"Harlow Print",materials,183022.28
P01674,2024-11-01,"Delvin Facilities",materials,7757.79
P01675,2024-01-20,"Ember IT",materials,9730.62
P01676,2024-08-19,"Corvin Media",materials,37.24
P01677,2024-11-15,"Corvin Media",software,62119.74
P01678,2024-06-14,"Ember IT",software,1864.08
P01679,2024-09-15,"Alder Supply",facilities,31805.73
P01680,2024-01-17,"Gilder Travel",logistics,23.45
P01681,2024-10-03,"Gilder Travel",services,4980.45
P01682,2024-09-11,"Corvin Media",logistics,398.58
P01683,2024-07-08,"Fenwick Legal",logistics,156638.22
P01684,2024-03-31,"Alder Supply",software,6436.03
P01685,2024-04-10,"Fenwick Legal",facilities,63603.24
P01686,2024-03-02,"Gilder Travel",materials,27.56
P01687,2024-01-23,"Ember IT",materials,118.12
P01688,2024-09-23,"Brant Logistics",logistics,35.3
P01689,2024-12-26,"Delvin Facilities",logistics,40536.33
P01690,2024-01-13,"Fenwick Legal",logistics,3135.41
P01691,2024-05-11,"Brant Logistics",services,906.84
P01692,2024-05-22,"Gilder Travel",logistics,202.85
P01693,2024-08-29,"Alder Supply",materials,9116.17
P01694,2024-11-02,"Gilder Travel",materials,1433.76
P01695,2024-03-17,"Harlow Print",facilities,24254.77
P01696,2024-01-09,"Harlow Print",logistics,4256.4
P01697,2024-06-29,"Alder Supply",software,131.7
P01698,2024-08-18,"Alder Supply",materials,282.75
P01699,2024-07-21,"Alder Supply",services,2156.52
P01700,2024-04-29,"Alder Supply",materials,7640.8
P01701,2024-10-25,"Corvin Media",facilities,62956.13
P01702,2024-03-26,"Ember IT",logistics,1318.04
P01703,2024-10-20,"Delvin Facilities",materials,3668.39
P01704,2024-03-22,"Harlow Print",logistics,64.15
P01705,2024-12-19,"Ember IT",facilities,20388.15
P01706,2024-10-25,"Brant Logistics",facilities,2182.86
P01707,2024-07-11,"Gilder Travel",software,222.45
P01708,2024-06-04,"Gilder Travel",materials,168.59
P01709,2024-02-23,"Corvin Media",logistics,133.11
P01710,2024-05-12,"Ember IT",logistics,9371.11
P01711,2024-05-19,"Delvin Facilities",services,53.18
P01712,2024-10-22,"Delvin Facilities",facilities,110036.94
P01713,2024-11-24,"Corvin Media",logistics,118.77
P01714,2024-02-28,"Fenwick Legal",facilities,173377.77
P01715,2024-09-25,"Brant Logistics",logistics,130.06
P01716,2024-05-25,"Gilder Travel",software,774.9
P01717,2024-01-21,"Corvin Media",software,925.51
P01718,2024-08-26,"Fenwick Legal",materials,24.62
P01719,2024-07-17,"Brant Logistics",software,12194.71
P01720,2024-02-15,"Brant Logistics",logistics,3092.23
P01721,2024-12-03,"Delvin Facilities",services,290.41
P01722,2024-07-10,"Delvin Facilities",facilities,1107.4
P01723,2024-12-16,"Delvin Facilities",services,134937.4
P01724,2024-06-24,"Corvin Media",software,152.83
P01725,2024-12-19,"Fenwick Legal",facilities,170810.45
P01726,2024-04-25,"Fenwick Legal",software,821.53
P01727,2024-03-08,"Ember IT",materials,22.03
P01728,2024-09-07,"Harlow Print",logistics,23.8
P01729,2024-01-04,"Corvin Media",materials,157.34
P01730,2024-12-09,"Delvin Facilities",services,6497.96
P01731,2024-10-21,"Corvin Media",services,143476.82
P01732,2024-05-16,"Ember IT",logistics,395.9
P01733,2024-01-09,"Alder Supply",logistics,109186.11
P01734,2024-08-18,"Corvin Media",facilities,176341.53
P01735,2024-07-10,"Harlow Print",software,341.43
P01736,2024-01-12,"Harlow Print",materials,168482.99
P01737,2024-09-01,"Harlow Print",facilities,361.78
P01738,2024-10-27,"Harlow Print",services,38.55
P01739,2024-11-29,"Delvin Facilities",logistics,37.98
P01740,2024-04-27,"Harlow Print",services,665.84
P01741,2024-07-26,"Fenwick Legal",services,784.48
P01742,2024-03-14,"Alder Supply",logistics,709.12
P01743,2024-07-05,"Alder Supply",logistics,2047.61
P01744,2024-05-12,"Gilder Travel",software,195.64
P01745,2024-08-24,"Ember IT",facilities,9630.04
P01746,2024-01-26,"Corvin Media",materials,22.14
P01747,2024-05-18,"Corvin Media",software,57.17
P01748,2024-04-18,"Fenwick Legal",logistics,86.23
P01749,2024-01-16,"Fenwick Legal",facilities,115.54
P01750,2024-06-19,"Fenwick Legal",services,39502.22
P01751,2024-09-30,"Brant Logistics",services,102.96
P01752,2024-07-09,"Corvin Media",software,6366.03
P01753,2024-11-22,"Alder Supply",services,420.28
P01754,2024-04-04,"Brant Logistics",software,21.34
P01755,2024-09-14,"Alder Supply",logistics,4096.65
P01756,2024-12-08,"Fenwick Legal",facilities,409.95
P01757,2024-02-11,"Brant Logistics",materials,425.36
P01758,2024-11-10,"Harlow Print",software,1432.7
P01759,2024-07-27,"Delvin Facilities",facilities,956.49
P01760,2024-03-14,"Brant Logistics",materials,192471.01
P01761,2024-08-16,"Corvin Media",logistics,72.75
P01762,2024-12-27,"Delvin Facilities",materials,72.94
P01763,2024-07-20,"Fenwick Legal",facilities,34.65
P01764,2024-03-25,"Gilder Travel",materials,8639.86
P01765,2024-02-04,"Ember IT",software,54712.5
P01766,2024-07-19,"Brant Logistics",logistics,83942.46
P01767,2024-01-19,"Delvin Facilities",materials,169.04
P01768,2024-09-18,"Ember IT",materials,9309.54
P01769,2024-11-19,"Gilder Travel",software,700.38
P01770,2024-02-14,"Ember IT",materials,9179.88
P01771,2024-07-03,"Brant Logistics",logistics,2384.57
P01772,2024-09-28,"Corvin Media",logistics,172.16
P01773,2024-11-08,"Harlow Print",materials,6431.35
P01774,2024-12-16,"Brant Logistics",software,12417.89
P01775,2024-11-17,"Corvin Media",facilities,530.72
P01776,2024-03-16,"Harlow Print",logistics,12684.82
P01777,2024-05-09,"Gilder Travel",services,70838.84
P01778,2024-06-24,"Brant Logistics",logistics,149606.06
P01779,2024-02-09,"Gilder Travel",logistics,48.7
P01780,2024-03-08,"Ember IT",materials,9441.59
P01781,2024-09-16,"Delvin Facilities",software,5663.34
P01782,2024-02-21,"Brant Logistics",materials,11575.3
P01783,2024-05-09,"Corvin Media",software,10021.12
P01784,2024-08-29,"Harlow Print",services,62.67
P01785,2024-11-12,"Delvin Facilities",logistics,21.51
P01786,2024-03-24,"Ember IT",services,424.29
P01787,2024-10-18,"Brant Logistics",logistics,99.1
P01788,2024-04-29,"Gilder Travel",software,17355.07
P01789,2024-10-06,"Brant Logistics",services,226.9
P01790,2024-08-17,"Ember IT",logistics,22723.88
P01791,2024-07-27,"Fenwick Legal",services,49.45
P01792,2024-11-03,"Corvin Media",logistics,400.22
P01793,2024-08-31,"Alder Supply",software,500.64
P01794,2024-05-01,"Fenwick Legal",logistics,180642.81
P01795,2024-07-21,"Gilder Travel",software,108447.52
P01796,2024-08-22,"Fenwick Legal",logistics,151.35
P01797,2024-10-24,"Harlow Print",materials,7287.76
P01798,2024-05-05,"Gilder Travel",materials,1542.87
P01799,2024-10-27,"Ember IT",materials,46706.97
P01800,2024-10-19,"Fenwick Legal",services,319.02
P01801,2024-03-08,"Ember IT",facilities,2235.93
P01802,2024-05-28,"Alder Supply",logistics,31646.47
P01803,2024-01-08,"Harlow Print",materials,1427.02
P01804,2024-11-11,"Harlow Print",materials,45.07
P01805,2024-02-29,"Brant Logistics",software,130441.32
P01806,2024-11-11,"Harlow Print",software,14238.21
P01807,2024-05-18,"Ember IT",services,9884.07
P01808,2024-10-17,"Ember IT",services,9963.19
P01809,2024-10-16,"Ember IT",facilities,9602.16
P01810,2024-10-20,"Harlow Print",services,23964.44
P01811,2024-03-28,"Delvin Facilities",logistics,1258.05
P01812,2024-08-20,"Delvin Facilities",facilities,37033.98
P01813,2024-03-25,"Brant Logistics",services,77.07
P01814,2024-01-01,"Delvin Facilities",facilities,3828.82
P01815,2024-06-18,"Corvin Media",materials,78.24
P01816,2024-07-10,"Ember IT",logistics,9892.35
P01817,2024-08-28,"Alder Supply",materials,159685.86
P01818,2024-06-25,"Alder Supply",logistics,126.35
P01819,2024-06-21,"Ember IT",facilities,69.34
P01820,2024-04-16,"Alder Supply",logistics,138.37
P01821,2024-01-27,"Harlow Print",services,111.14
P01822,2024-10-06,"Fenwick Legal",logistics,23992.6
P01823,2024-05-01,"Brant Logistics",software,11730.92
P01824,2024-11-04,"Ember IT",logistics,27.34
P01825,2024-01-14,"Corvin Media",facilities,51.17
P01826,2024-09-20,"Harlow Print",facilities,20361.99
P01827,2024-09-12,"Delvin Facilities",services,4702.11
P01828,2024-02-02,"Harlow Print",materials,368.99
P01829,2024-02-16,"Brant Logistics",facilities,70.08
P01830,2024-12-05,"Harlow Print",facilities,17995.14
P01831,2024-11-13,"Corvin Media",logistics,777.98
P01832,2024-07-05,"Fenwick Legal",facilities,1422.44
P01833,2024-10-20,"Brant Logistics",facilities,90191.32
P01834,2024-01-16,"Brant Logistics",materials,218.17
P01835,2024-10-23,"Delvin Facilities",materials,37.38
P01836,2024-07-21,"Delvin Facilities",logistics,214.81
P01837,2024-08-20,"Alder Supply",facilities,39.53
P01838,2024-03-24,"Alder Supply",materials,120719.81
P01839,2024-05-30,"Harlow Print",materials,1530.25
P01840,2024-10-27,"Ember IT",logistics,9915.93
P01841,2024-07-04,"Delvin Facilities",materials,74.29
P01842,2024-08-28,"Brant Logistics",services,7981.83
P01843,2024-03-29,"Gilder Travel",facilities,1034.86
P01844,2024-05-05,"Harlow Print",software,203.48
P01845,2024-11-23,"Gilder Travel",services,96375.33
P01846,2024-08-17,"Alder Supply",materials,407.98
P01847,2024-03-18,"Fenwick Legal",logistics,57.86
P01848,2024-11-27,"Harlow Print",services,3275.24
P01849,2024-06-29,"Ember IT",software,9829.45
P01850,2024-09-14,"Brant Logistics",services,4239.2
P01851,2024-07-10,"Alder Supply",logistics,142.78
P01852,2024-05-17,"Alder Supply",facilities,7582.72
P01853,2024-02-11,"Delvin Facilities",materials,8598.88
P01854,2024-03-14,"Brant Logistics",materials,44005.35
P01855,2024-07-07,"Delvin Facilities",facilities,18941.08
P01856,2024-05-18,"Harlow Print",materials,5529.26
P01857,2024-09-26,"Ember IT",materials,9257.22
P01858,2024-04-13,"Fenwick Legal",facilities,77719.7
P01859,2024-11-16,"Delvin Facilities",facilities,8057.43
P01860,2024-12-30,"Alder Supply",services,6015.4
P01861,2024-05-24,"Alder Supply",services,43082.41
P01862,2024-07-14,"Brant Logistics",materials,26.6
P01863,2024-04-15,"Fenwick Legal",logistics,96635.76
P01864,2024-07-03,"Ember IT",software,9896.58
P01865,2024-06-24,"Gilder Travel",logistics,2057.06
P01866,2024-02-27,"Brant Logistics",logistics,69193.36
P01867,2024-08-11,"Delvin Facilities",facilities,20998.77
P01868,2024-01-23,"Corvin Media",software,10298.07
P01869,2024-02-28,"Corvin Media",facilities,1039.44
P01870,2024-04-26,"Harlow Print",facilities,74837.23
P01871,2024-09-22,"Corvin Media",services,93.48
P01872,2024-03-10,"Harlow Print",logistics,48.23
P01873,2024-12-19,"Fenwick Legal",logistics,2766.4
P01874,2024-09-04,"Brant Logistics",services,588.83
P01875,2024-12-01,"Fenwick Legal",logistics,183.98
P01876,2024-02-21,"Harlow Print",logistics,159631.87
P01877,2024-11-12,"Alder Supply",facilities,121.23
P01878,2024-10-08,"Gilder Travel",materials,50.06
P01879,2024-09-07,"Fenwick Legal",logistics,3504.05
P01880,2024-04-19,"Fenwick Legal",software,9981.03
P01881,2024-10-08,"Harlow Print",facilities,3673.32
P01882,2024-04-01,"Gilder Travel",facilities,91915.69
P01883,2024-10-03,"Fenwick Legal",materials,70.04
P01884,2024-09-29,"Harlow Print",services,64.5
P01885,2024-01-14,"Ember IT",logistics,208.93
P01886,2024-03-28,"Alder Supply",materials,4207.76
P01887,2024-06-17,"Fenwick Legal",facilities,57330.22
P01888,2024-10-16,"Fenwick Legal",services,23.6
P01889,2024-04-10,"Corvin Media",services,786.66
P01890,2024-02-29,"Fenwick Legal",facilities,148.62
P01891,2024-07-07,"Fenwick Legal",materials,8638.62
P01892,2024-12-12,"Alder Supply",logistics,179.25
P01893,2024-12-17,"Alder Supply",facilities,22.06
P01894,2024-07-31,"Brant Logistics",materials,3560.15
P01895,2024-02-03,"Brant Logistics",logistics,47.91
P01896,2024-03-20,"Fenwick Legal",logistics,7039.37
P01897,2024-01-01,"Gilder Travel",services,1783.74
P01898,2024-04-30,"Ember IT",services,23944.29
P01899,2024-12-05,"Corvin Media",facilities,2619.4
P01900,2024-04-29,"Corvin Media",software,3343.11
P01901,2024-07-29,"Fenwick Legal",services,633.96
P01902,2024-08-28,"Alder Supply",software,188.71
P01903,2024-09-19,"Harlow Print",software,21.4
P01904,2024-03-05,"Alder Supply",materials,88.9
P01905,2024-03-24,"Brant Logistics",services,32.24
P01906,2024-09-13,"Delvin Facilities",materials,89704.67
P01907,2024-02-20,"Ember IT",materials,9933.4
P01908,2024-12-13,"Harlow Print",logistics,421.82
P01909,2024-04-15,"Harlow Print",facilities,812.14
P01910,2024-01-20,"Alder Supply",facilities,98.23
P01911,2024-06-22,"Delvin Facilities",materials,1969.96
P01912,2024-03-15,"Corvin Media",services,1213.62
P01913,2024-06-26,"Harlow Print",logistics,16724.56
P01914,2024-10-26,"Delvin Facilities",logistics,406.84
P01915,2024-03-09,"Alder Supply",software,463.83
P01916,2024-05-18,"Corvin Media",facilities,65471.42
P01917,2024-02-13,"Corvin Media",logistics,1758.66
P01918,2024-01-02,"Gilder Travel",software,107699.69
P01919,2024-08-18,"Brant Logistics",materials,83.68
P01920,2024-04-28,"Ember IT",facilities,188422.1
P01921,2024-02-19,"Ember IT",facilities,9927.58
P01922,2024-08-03,"Fenwick Legal",materials,7475.51
P01923,2024-12-23,"Alder Supply",materials,4473.99
P01924,2024-02-12,"Brant Logistics",materials,517.71
P01925,2024-06-05,"Corvin Media",services,30876.09
P01926,2024-06-02,"Fenwick Legal",facilities,140.17
P01927,2024-05-28,"Brant Logistics",services,4578.84
P01928,2024-07-20,"Alder Supply",software,36.06
P01929,2024-05-30,"Harlow Print",facilities,78537.82
P01930,2024-11-16,"Corvin Media",software,1585.91
P01931,2024-03-20,"Ember IT",services,9770.4
P01932,2024-06-30,"Harlow Print",software,67011.58
P01933,2024-01-10,"Delvin Facilities",software,3417.69
P01934,2024-07-22,"Harlow Print",logistics,2409.66
P01935,2024-09-05,"Brant Logistics",software,853.64
P01936,2024-02-01,"Corvin Media",facilities,11752.2
P01937,2024-12-07,"Fenwick Legal",services,56.47
P01938,2024-03-08,"Corvin Media",services,79276.63
P01939,2024-04-11,"Delvin Facilities",logistics,303.17
P01940,2024-11-04,"Fenwick Legal",facilities,85142.23
P01941,2024-03-28,"Alder Supply",logistics,303.42
P01942,2024-10-26,"Harlow Print",services,69.62
P01943,2024-10-14,"Corvin Media",logistics,165313.27
P01944,2024-09-29,"Delvin Facilities",software,992.86
P01945,2024-09-04,"Fenwick Legal",materials,1969.15
P01946,2024-09-25,"Alder Supply",facilities,32377.25
P01947,2024-12-03,"Brant Logistics",materials,104988.27
P01948,2024-10-06,"Harlow Print",services,898.6
P01949,2024-01-04,"Fenwick Legal",facilities,12208.05
P01950,2024-08-20,"Harlow Print",services,58.52
P01951,2024-07-16,"Harlow Print",services,4135.93
P01952,2024-10-12,"Corvin Media",software,551.01
P01953,2024-02-24,"Brant Logistics",software,448.71
P01954,2024-10-01,"Gilder Travel",services,13736.29
P01955,2024-11-07,"Harlow Print",logistics,3074.47
P01956,2024-09-04,"Delvin Facilities",services,66766.34
P01957,2024-12-11,"Ember IT",facilities,9296.97
P01958,2024-05-02,"Brant Logistics",software,269.91
P01959,2024-02-13,"Brant Logistics",services,35.64
P01960,2024-02-25,"Fenwick Legal",logistics,2933.6
P01961,2024-07-14,"Ember IT",facilities,515.44
P01962,2024-09-16,"Brant Logistics",software,26.09
P01963,2024-02-08,"Fenwick Legal",facilities,138774.85
P01964,2024-03-12,"Corvin Media",materials,7811.28
P01965,2024-05-27,"Delvin Facilities",logistics,1235.3
P01966,2024-10-29,"Ember IT",services,9140.32
P01967,2024-11-08,"Ember IT",logistics,9541.06
P01968,2024-11-18,"Fenwick Legal",logistics,1618.8
P01969,2024-11-10,"Gilder Travel",services,33.61
P01970,2024-02-25,"Brant Logistics",software,40699.86
P01971,2024-09-13,"Delvin Facilities",services,226.02
P01972,2024-07-28,"Ember IT",services,137393.94
P01973,2024-02-24,"Corvin Media",software,13977.38
P01974,2024-01-13,"Delvin Facilities",facilities,279.69
P01975,2024-07-05,"Alder Supply",logistics,126.96
P01976,2024-12-28,"Delvin Facilities",software,3641.27
P01977,2024-06-02,"Ember IT",materials,9855.11
P01978,2024-03-08,"Harlow Print",logistics,72.91
P01979,2024-05-05,"Delvin Facilities",logistics,799.36
P01980,2024-11-10,"Gilder Travel",services,78.56
P01981,2024-10-30,"Corvin Media",logistics,178.49
P01982,2024-12-29,"Delvin Facilities",logistics,3225.29
P01983,2024-02-24,"Alder Supply",logistics,59078.36
P01984,2024-04-21,"Harlow Print",software,7669.15
P01985,2024-12-01,"Corvin Media",services,492.55
P01986,2024-09-01,"Harlow Print",facilities,2326.46
P01987,2024-06-13,"Fenwick Legal",logistics,3288.24
P01988,2024-08-08,"Fenwick Legal",materials,198934.01
P01989,2024-05-18,"Ember IT",services,7550.4
P01990,2024-10-26,"Brant Logistics",logistics,5199.87
P01991,2024-08-28,"Alder Supply",services,7740.06
P01992,2024-02-17,"Delvin Facilities",facilities,132.6
P01993,2024-04-15,"Fenwick Legal",facilities,87083.42
P01994,2024-02-18,"Delvin Facilities",software,31194.07
P01995,2024-09-02,"Gilder Travel",facilities,130400.92
P01996,2024-10-09,"Fenwick Legal",materials,7355.73
P01997,2024-05-13,"Brant Logistics",software,119425.4
P01998,2024-08-10,"Ember IT",services,9141.08
P01999,2024-04-01,"Fenwick Legal",facilities,20216.13
P02000,2024-02-17,"Harlow Print",facilities,9439.86
P02001,2024-08-10,"Delvin Facilities",services,2868.83
P02002,2024-12-23,"Gilder Travel",software,758.57
P02003,2024-11-11,"Corvin Media",services,103350.65
P02004,2024-06-05,"Fenwick Legal",facilities,1653.45
P02005,2024-04-27,"Corvin Media",software,391.61
P02006,2024-01-27,"Fenwick Legal",logistics,19429.05
P02007,2024-08-15,"Harlow Print",software,4412.78
P02008,2024-11-12,"Corvin Media",materials,196679.88
P02009,2024-02-23,"Delvin Facilities",software,98980.72
P02010,2024-01-31,"Delvin Facilities",materials,516.55
P02011,2024-05-31,"Fenwick Legal",software,124.31
P02012,2024-09-03,"Ember IT",materials,9753.44
P02013,2024-01-23,"Ember IT",logistics,9349.32
P02014,2024-07-05,"Fenwick Legal",materials,379.73
P02015,2024-09-12,"Ember IT",logistics,58.33
P02016,2024-04-30,"Brant Logistics",software,40528.72
P02017,2024-04-15,"Delvin Facilities",materials,61.59
P02018,2024-11-29,"Delvin Facilities",logistics,140294.66
P02019,2024-09-20,"Fenwick Legal",facilities,33438.99
P02020,2024-08-11,"Ember IT",materials,95.34
P02021,2024-12-06,"Harlow Print",logistics,140.73
P02022,2024-05-09,"Brant Logistics",facilities,718.45
P02023,2024-04-17,"Ember IT",logistics,636.79
P02024,2024-06-01,"Alder Supply",materials,106.33
P02025,2024-01-08,"Harlow Print",logistics,71990.14
P02026,2024-03-17,"Ember IT",services,127.61
P02027,2024-04-29,"Corvin Media",software,33.86
P02028,2024-10-07,"Corvin Media",services,3782.21
P02029,2024-11-02,"Gilder Travel",facilities,260.07
P02030,2024-01-11,"Ember IT",services,30.26
P02031,2024-07-20,"Ember IT",software,30.9
P02032,2024-02-28,"Gilder Travel",facilities,577.52
P02033,2024-03-04,"Ember IT",services,74.14
P02034,2024-02-13,"Fenwick Legal",logistics,150.16
P02035,2024-05-14,"Ember IT",services,59898.34
P02036,2024-07-12,"Alder Supply",facilities,3288.41
P02037,2024-01-10,"Harlow Print",services,1234.83
P02038,2024-12-30,"Harlow Print",materials,40461.52
P02039,2024-07-23,"Ember IT",software,386.62
P02040,2024-08-24,"Delvin Facilities",logistics,107.8
P02041,2024-04-02,"Alder Supply",materials,856.54
P02042,2024-12-23,"Fenwick Legal",services,18843.94
P02043,2024-12-04,"Gilder Travel",materials,66545.37
P02044,2024-02-19,"Gilder Travel",materials,82.65
P02045,2024-09-30,"Corvin Media",logistics,358.34
P02046,2024-05-17,"Alder Supply",logistics,66339.18
P02047,2024-08-21,"Corvin Media",logistics,111.65
P02048,2024-02-25,"Ember IT",software,559.72
P02049,2024-07-19,"Delvin Facilities",software,2508.48
P02050,2024-12-18,"Gilder Travel",facilities,32993.39
P02051,2024-05-07,"Ember IT",materials,9588.11
P02052,2024-04-09,"Gilder Travel",software,59.06
P02053,2024-03-15,"Alder Supply",materials,4160.65
P02054,2024-07-15,"Brant Logistics",services,658.15
P02055,2024-11-05,"Brant Logistics",software,12244.55
P02056,2024-05-22,"Delvin Facilities",logistics,45948.58
P02057,2024-10-23,"Harlow Print",software,9659.44
P02058,2024-06-23,"Delvin Facilities",facilities,17597.66
P02059,2024-10-16,"Gilder Travel",materials,63.94
P02060,2024-06-01,"Corvin Media",logistics,13940.12
P02061,2024-02-27,"Alder Supply",logistics,39.77
P02062,2024-08-29,"Gilder Travel",logistics,2347.11
P02063,2024-06-13,"Fenwick Legal",software,201.11
P02064,2024-05-25,"Corvin Media",facilities,62.57
P02065,2024-05-24,"Alder Supply",materials,5591.82
P02066,2024-12-25,"Harlow Print",facilities,2231.52
P02067,2024-09-05,"Fenwick Legal",services,37583.62
P02068,2024-11-24,"Corvin Media",services,111.37
P02069,2024-06-14,"Fenwick Legal",logistics,41.66
P02070,2024-11-05,"Ember IT",services,53147.71
P02071,2024-12-23,"Harlow Print",logistics,5706.08
P02072,2024-08-05,"Alder Supply",facilities,7984.54
P02073,2024-01-17,"Brant Logistics",facilities,1234.15
P02074,2024-01-16,"Fenwick Legal",software,79374.07
P02075,2024-03-16,"Brant Logistics",services,15633.85
P02076,2024-12-05,"Gilder Travel",logistics,11723.24
P02077,2024-12-24,"Brant Logistics",facilities,376.51
P02078,2024-06-29,"Delvin Facilities",services,48496.24
P02079,2024-08-31,"Gilder Travel",logistics,100.45
P02080,2024-07-07,"Harlow Print",software,106236.9
P02081,2024-09-13,"Gilder Travel",materials,69.87
P02082,2024-10-05,"Delvin Facilities",materials,3631.95
P02083,2024-11-04,"Alder Supply",materials,1887.94
P02084,2024-02-16,"Corvin Media",services,52
P02085,2024-01-31,"Ember IT",logistics,164.12
P02086,2024-06-27,"Ember IT",materials,9926.66
P02087,2024-08-08,"Fenwick Legal",software,80.8
P02088,2024-01-19,"Harlow Print",logistics,28.24
P02089,2024-01-27,"Alder Supply",software,62.45
P02090,2024-06-26,"Fenwick Legal",materials,435.25
P02091,2024-08-08,"Corvin Media",materials,21.5
P02092,2024-04-02,"Alder Supply",materials,24.36
P02093,2024-05-14,"Corvin Media",facilities,469.03
P02094,2024-06-28,"Harlow Print",services,131774.17
P02095,2024-07-08,"Corvin Media",logistics,250.14
P02096,2024-07-05,"Alder Supply",software,231.99
P02097,2024-02-07,"Corvin Media",software,387.22
P02098,2024-09-10,"Alder Supply",materials,39353.6
P02099,2024-09-08,"Fenwick Legal",facilities,24.67
P02100,2024-12-07,"Brant Logistics",services,98704.48
P02101,2024-12-23,"Delvin Facilities",facilities,24.56
P02102,2024-12-19,"Harlow Print",materials,4773.26
P02103,2024-12-23,"Harlow Print",logistics,105.9
P02104,2024-07-01,"Fenwick Legal",materials,71.41
P02105,2024-09-30,"Gilder Travel",logistics,86761.54
P02106,2024-02-06,"Fenwick Legal",logistics,972.36
P02107,2024-12-07,"Alder Supply",facilities,5582.33
P02108,2024-12-15,"Fenwick Legal",services,4928.24
P02109,2024-12-30,"Alder Supply",materials,4096.22
P02110,2024-07-12,"Alder Supply",software,99227.72
P02111,2024-01-16,"Brant Logistics",software,6380.3
P02112,2024-03-21,"Alder Supply",software,66.74
P02113,2024-05-08,"Brant Logistics",materials,5875.83
P02114,2024-10-04,"Corvin Media",facilities,57.59
P02115,2024-03-18,"Ember IT",logistics,148433.44
P02116,2024-11-27,"Fenwick Legal",software,342.18
P02117,2024-07-09,"Gilder Travel",services,193803.02
P02118,2024-10-29,"Harlow Print",facilities,168.04
P02119,2024-02-13,"Alder Supply",materials,3582.85
P02120,2024-05-25,"Corvin Media",software,40588.41
P02121,2024-12-21,"Fenwick Legal",facilities,558.95
P02122,2024-09-27,"Ember IT",services,9483.18
P02123,2024-07-08,"Gilder Travel",materials,66126.27
P02124,2024-09-28,"Ember IT",software,9231.64
P02125,2024-07-23,"Brant Logistics",facilities,5114.06
P02126,2024-11-28,"Ember IT",materials,3970.14
P02127,2024-08-08,"Harlow Print",logistics,95765.38
P02128,2024-02-28,"Ember IT",logistics,1373.07
P02129,2024-07-18,"Delvin Facilities",services,69829.45
P02130,2024-04-27,"Delvin Facilities",facilities,112.4
P02131,2024-04-23,"Alder Supply",materials,30.06
P02132,2024-01-23,"Gilder Travel",materials,1196.08
P02133,2024-08-15,"Delvin Facilities",materials,212.55
P02134,2024-02-27,"Brant Logistics",services,73.12
P02135,2024-10-19,"Gilder Travel",materials,108235.5
P02136,2024-01-29,"Brant Logistics",services,2389
P02137,2024-10-19,"Brant Logistics",software,24894.17
P02138,2024-11-05,"Corvin Media",services,2724.57
P02139,2024-05-28,"Alder Supply",facilities,1384.93
P02140,2024-08-30,"Harlow Print",facilities,4049.35
P02141,2024-08-31,"Harlow Print",services,705.19
P02142,2024-04-07,"Gilder Travel",services,748.82
P02143,2024-08-12,"Brant Logistics",logistics,27303.86
P02144,2024-06-04,"Corvin Media",logistics,65405.6
P02145,2024-02-27,"Gilder Travel",materials,21.48
P02146,2024-05-23,"Fenwick Legal",software,2827.73
P02147,2024-05-21,"Harlow Print",services,9546.01
P02148,2024-12-13,"Harlow Print",logistics,26680.43
P02149,2024-07-22,"Brant Logistics",facilities,25.08
P02150,2024-09-18,"Corvin Media",logistics,96.61
P02151,2024-01-10,"Delvin Facilities",services,104822.27
P02152,2024-09-12,"Fenwick Legal",logistics,272.67
P02153,2024-09-20,"Brant Logistics",services,9725.5
P02154,2024-11-16,"Brant Logistics",facilities,9731.82
P02155,2024-10-25,"Fenwick Legal",logistics,4044.15
P02156,2024-11-14,"Alder Supply",services,39.85
P02157,2024-05-22,"Gilder Travel",software,91849.92
P02158,2024-10-31,"Corvin Media",logistics,861.76
P02159,2024-08-14,"Ember IT",facilities,7883.68
P02160,2024-01-06,"Harlow Print",materials,39666.03
P02161,2024-05-15,"Delvin Facilities",services,1413.39
P02162,2024-06-05,"Corvin Media",materials,20.97
P02163,2024-07-23,"Gilder Travel",services,218.33
P02164,2024-11-03,"Delvin Facilities",software,12765.74
P02165,2024-10-12,"Alder Supply",materials,14784.71
P02166,2024-05-21,"Alder Supply",services,1958.94
P02167,2024-05-24,"Gilder Travel",logistics,27026.35
P02168,2024-09-14,"Corvin Media",software,41689.07
P02169,2024-06-20,"Fenwick Legal",software,2589.81
P02170,2024-09-15,"Alder Supply",software,155.15
P02171,2024-04-01,"Corvin Media",logistics,3341.18
P02172,2024-07-17,"Alder Supply",software,125402.87
P02173,2024-03-24,"Gilder Travel",software,425.66
P02174,2024-11-26,"Ember IT",facilities,58.47
P02175,2024-09-17,"Brant Logistics",facilities,53.05
P02176,2024-05-07,"Alder Supply",materials,59934.71
P02177,2024-07-02,"Fenwick Legal",services,50.16
P02178,2024-06-03,"Alder Supply",software,67758.56
P02179,2024-05-16,"Alder Supply",services,102471.62
P02180,2024-05-30,"Gilder Travel",materials,69.8
P02181,2024-07-05,"Harlow Print",software,192171.19
P02182,2024-12-03,"Ember IT",logistics,27877.54
P02183,2024-12-26,"Brant Logistics",services,53.61
P02184,2024-01-22,"Brant Logistics",logistics,77975.61
P02185,2024-04-20,"Delvin Facilities",logistics,196.93
P02186,2024-11-29,"Gilder Travel",materials,34211.3
P02187,2024-04-01,"Delvin Facilities",software,27962.99
P02188,2024-10-20,"Harlow Print",materials,120.56
P02189,2024-05-28,"Corvin Media",facilities,5068.53
P02190,2024-09-14,"Ember IT",logistics,680.18
P02191,2024-11-20,"Delvin Facilities",software,177396.85
P02192,2024-11-11,"Brant Logistics",software,122.91
P02193,2024-07-28,"Harlow Print",logistics,44.38
P02194,2024-07-20,"Delvin Facilities",software,21.34
P02195,2024-09-07,"Fenwick Legal",materials,1936.17
P02196,2024-04-01,"Fenwick Legal",services,1255.71
P02197,2024-01-01,"Delvin Facilities",software,29.4
P02198,2024-11-25,"Brant Logistics",logistics,115.33
P02199,2024-01-15,"Fenwick Legal",logistics,70348.87
P02200,2024-08-11,"Fenwick Legal",software,7152.84
P02201,2024-05-02,"Alder Supply",software,36739.93
P02202,2024-10-11,"Corvin Media",materials,20759.55
P02203,2024-09-13,"Brant Logistics",services,1906.1
P02204,2024-10-31,"Delvin Facilities",facilities,151.47
P02205,2024-03-12,"Harlow Print",services,8348.36
P02206,2024-06-04,"Alder Supply",facilities,18111.63
P02207,2024-01-16,"Delvin Facilities",materials,23.43
P02208,2024-01-10,"Gilder Travel",facilities,2038.38
P02209,2024-08-13,"Fenwick Legal",logistics,84.95
P02210,2024-03-24,"Alder Supply",software,19808.16
P02211,2024-12-23,"Delvin Facilities",services,1108.52
P02212,2024-01-12,"Alder Supply",logistics,597.67
P02213,2024-04-29,"Brant Logistics",facilities,47007.62
P02214,2024-04-26,"Brant Logistics",software,31.36
P02215,2024-12-29,"Ember IT",software,9807.16
P02216,2024-04-01,"Harlow Print",software,2770.2
P02217,2024-08-09,"Delvin Facilities",services,123.31
P02218,2024-02-16,"Harlow Print",logistics,12441.75
P02219,2024-05-28,"Gilder Travel",materials,2060.74
P02220,2024-08-31,"Gilder Travel",logistics,153.42
P02221,2024-02-13,"Delvin Facilities",software,2334.88
P02222,2024-05-26,"Fenwick Legal",materials,1290.63
P02223,2024-10-12,"Fenwick Legal",logistics,130249.86
P02224,2024-02-17,"Fenwick Legal",facilities,15295.25
P02225,2024-02-16,"Fenwick Legal",services,29644.57
P02226,2024-01-11,"Corvin Media",materials,2765.18
P02227,2024-11-14,"Corvin Media",services,2727.5
P02228,2024-01-18,"Brant Logistics",materials,20.21
P02229,2024-11-19,"Alder Supply",facilities,1512.03
P02230,2024-06-17,"Harlow Print",materials,30045.86
P02231,2024-03-22,"Corvin Media",services,104.45
P02232,2024-08-07,"Delvin Facilities",software,478.83
P02233,2024-09-09,"Delvin Facilities",facilities,102.16
P02234,2024-08-04,"Alder Supply",logistics,20395.35
P02235,2024-11-01,"Brant Logistics",services,121.95
P02236,2024-09-27,"Fenwick Legal",materials,25.4
P02237,2024-04-02,"Ember IT",services,9924.76
P02238,2024-07-26,"Alder Supply",facilities,21.02
P02239,2024-12-25,"Harlow Print",software,6819.69
P02240,2024-08-04,"Ember IT",facilities,251.62
P02241,2024-03-21,"Alder Supply",software,90.05
P02242,2024-05-18,"Gilder Travel",services,8782.25
P02243,2024-10-08,"Delvin Facilities",facilities,29220.96
P02244,2024-04-29,"Ember IT",services,9612.02
P02245,2024-09-20,"Delvin Facilities",services,449.23
P02246,2024-05-17,"Brant Logistics",materials,396.26
P02247,2024-02-01,"Alder Supply",materials,35423.83
P02248,2024-02-09,"Corvin Media",materials,10042.66
P02249,2024-02-14,"Gilder Travel",facilities,8557.45
P02250,2024-08-16,"Alder Supply",materials,92952.33
P02251,2024-02-14,"Harlow Print",materials,101.67
P02252,2024-03-01,"Ember IT",facilities,9358.62
P02253,2024-05-30,"Harlow Print",facilities,28.06
P02254,2024-02-01,"Alder Supply",materials,3587.26
P02255,2024-02-28,"Alder Supply",logistics,113689.96
P02256,2024-09-16,"Alder Supply",logistics,203.63
P02257,2024-07-30,"Brant Logistics",facilities,150065.64
P02258,2024-04-14,"Ember IT",logistics,9164.62
P02259,2024-03-03,"Ember IT",services,9127.46
P02260,2024-06-11,"Gilder Travel",software,81.63
P02261,2024-11-10,"Alder Supply",materials,652.4
P02262,2024-02-15,"Alder Supply",materials,498.59
P02263,2024-02-07,"Brant Logistics",software,83890.35
P02264,2024-01-02,"Ember IT",facilities,9613.65
P02265,2024-10-16,"Harlow Print",materials,4207.51
P02266,2024-12-09,"Fenwick Legal",services,153.9
P02267,2024-06-21,"Gilder Travel",software,1232.74
P02268,2024-11-16,"Brant Logistics",facilities,142296.29
P02269,2024-12-09,"Corvin Media",software,12050.19
P02270,2024-06-11,"Fenwick Legal",software,7226.79
P02271,2024-09-30,"Delvin Facilities",logistics,119143.56
P02272,2024-11-19,"Ember IT",facilities,9661.32
P02273,2024-09-30,"Harlow Print",logistics,77658.27
P02274,2024-06-15,"Delvin Facilities",services,119.11
P02275,2024-07-24,"Fenwick Legal",software,210.1
P02276,2024-06-27,"Harlow Print",logistics,74.57
P02277,2024-08-04,"Delvin Facilities",facilities,1575.73
P02278,2024-08-05,"Alder Supply",logistics,7655.29
P02279,2024-06-21,"Alder Supply",services,51877.81
P02280,2024-10-28,"Harlow Print",software,591.16
P02281,2024-08-16,"Brant Logistics",logistics,51522.94
P02282,2024-11-09,"Alder Supply",services,14237.58
P02283,2024-03-04,"Alder Supply",materials,1036.63
P02284,2024-10-16,"Brant Logistics",facilities,58.74
P02285,2024-05-13,"Harlow Print",software,708.5
P02286,2024-05-03,"Ember IT",materials,9166.25
P02287,2024-01-16,"Corvin Media",software,3712.27
P02288,2024-04-23,"Harlow Print",facilities,102.77
P02289,2024-05-08,"Brant Logistics",logistics,1678.77
P02290,2024-08-27,"Fenwick Legal",services,31883.93
P02291,2024-11-14,"Harlow Print",software,27016.67
P02292,2024-03-04,"Alder Supply",materials,454.23
P02293,2024-05-28,"Gilder Travel",materials,11418.59
P02294,2024-01-16,"Ember IT",facilities,9263.06
P02295,2024-03-16,"Ember IT",facilities,9522.24
P02296,2024-12-22,"Fenwick Legal",services,55.07
P02297,2024-04-05,"Harlow Print",logistics,8835.4
P02298,2024-10-15,"Fenwick Legal",logistics,14801.36
P02299,2024-01-27,"Gilder Travel",services,13439.2
P02300,2024-08-07,"Brant Logistics",facilities,70.78
P02301,2024-11-07,"Ember IT",software,459.24
P02302,2024-11-16,"Ember IT",software,9212.37
P02303,2024-12-16,"Harlow Print",facilities,27.49
P02304,2024-04-08,"Ember IT",materials,9103.77
P02305,2024-03-04,"Alder Supply",materials,63.52
P02306,2024-02-15,"Brant Logistics",facilities,32.56
P02307,2024-08-02,"Corvin Media",software,255.31
P02308,2024-04-03,"Delvin Facilities",materials,3838.34
P02309,2024-01-05,"Gilder Travel",logistics,61641.11
P02310,2024-05-17,"Delvin Facilities",facilities,122.13
P02311,2024-06-03,"Gilder Travel",services,140242.41
P02312,2024-04-02,"Gilder Travel",services,184273.08
P02313,2024-03-18,"Brant Logistics",facilities,24022.5
P02314,2024-02-22,"Brant Logistics",logistics,2652.43
P02315,2024-04-23,"Ember IT",materials,769.94
P02316,2024-11-13,"Gilder Travel",logistics,20680.38
P02317,2024-10-25,"Brant Logistics",software,2232.06
P02318,2024-06-09,"Corvin Media",logistics,913
P02319,2024-03-22,"Ember IT",facilities,6731.62
P02320,2024-08-26,"Gilder Travel",materials,257.19
P02321,2024-04-24,"Ember IT",logistics,4095.77
P02322,2024-01-28,"Ember IT",services,116.03
P02323,2024-04-26,"Fenwick Legal",facilities,520.07
P02324,2024-03-29,"Corvin Media",facilities,65.11
P02325,2024-04-09,"Harlow Print",materials,47347.53
P02326,2024-06-19,"Brant Logistics",materials,2521.09
P02327,2024-03-01,"Gilder Travel",facilities,3583.47
P02328,2024-04-03,"Fenwick Legal",materials,427.1
P02329,2024-08-17,"Harlow Print",materials,327.99
P02330,2024-12-27,"Harlow Print",software,842.38
P02331,2024-12-11,"Harlow Print",logistics,4381.48
P02332,2024-02-14,"Corvin Media",software,38993.76
P02333,2024-09-19,"Delvin Facilities",materials,128.26
P02334,2024-08-08,"Delvin Facilities",materials,1272.21
P02335,2024-09-22,"Brant Logistics",services,36241.79
P02336,2024-05-19,"Brant Logistics",services,25.88
P02337,2024-10-11,"Brant Logistics",facilities,18839.22
P02338,2024-11-23,"Ember IT",software,9225.18
P02339,2024-09-02,"Fenwick Legal",software,111391.08
P02340,2024-11-06,"Delvin Facilities",software,2285.81
P02341,2024-02-02,"Gilder Travel",services,17557.28
P02342,2024-10-24,"Delvin Facilities",software,3019.22
P02343,2024-08-24,"Harlow Print",materials,2020.5
P02344,2024-03-28,"Harlow Print",facilities,27.97
P02345,2024-07-22,"Fenwick Legal",software,3083.99
P02346,2024-07-16,"Harlow Print",software,533.78
P02347,2024-12-10,"Alder Supply",facilities,78.57
P02348,2024-05-19,"Delvin Facilities",materials,13876.55
P02349,2024-10-21,"Corvin Media",materials,5446.59
P02350,2024-12-15,"Fenwick Legal",materials,44.95
P02351,2024-04-19,"Delvin Facilities",logistics,58.93
P02352,2024-06-19,"Fenwick Legal",materials,91.45
P02353,2024-03-12,"Alder Supply",software,15456.11
P02354,2024-04-22,"Harlow Print",services,97670.82
P02355,2024-03-29,"Alder Supply",facilities,25.46
P02356,2024-06-22,"Gilder Travel",services,3724.38
P02357,2024-09-17,"Gilder Travel",logistics,118.96
P02358,2024-08-16,"Harlow Print",services,20875.84
P02359,2024-08-01,"Corvin Media",logistics,876.87
P02360,2024-12-08,"Brant Logistics",software,8093.52
P02361,2024-07-24,"Delvin Facilities",services,2206
P02362,2024-07-12,"Delvin Facilities",logistics,52412.49
P02363,2024-04-20,"Gilder Travel",materials,120.09
P02364,2024-07-18,"Gilder Travel",materials,37.77
P02365,2024-10-17,"Harlow Print",logistics,59244.33
P02366,2024-04-16,"Corvin Media",materials,25.64
P02367,2024-08-26,"Brant Logistics",logistics,16362.96
P02368,2024-12-26,"Alder Supply",software,20761.78
P02369,2024-10-25,"Corvin Media",software,904.28
P02370,2024-10-07,"Fenwick Legal",software,149135.6
P02371,2024-06-14,"Brant Logistics",software,63043.71
P02372,2024-01-15,"Ember IT",software,9520.78
P02373,2024-01-03,"Brant Logistics",logistics,2124.58
P02374,2024-10-20,"Delvin Facilities",software,894.2
P02375,2024-04-05,"Harlow Print",services,102764.55
P02376,2024-01-10,"Fenwick Legal",logistics,179045.74
P02377,2024-11-18,"Gilder Travel",materials,1940.44
P02378,2024-02-09,"Ember IT",software,197993.03
P02379,2024-10-23,"Alder Supply",logistics,90548.98
P02380,2024-12-16,"Harlow Print",logistics,12333.25
P02381,2024-09-28,"Brant Logistics",software,1768.02
P02382,2024-04-08,"Alder Supply",software,126.92
P02383,2024-07-15,"Fenwick Legal",facilities,182179.04
P02384,2024-10-05,"Corvin Media",facilities,45.59
P02385,2024-05-30,"Alder Supply",materials,5342.37
P02386,2024-12-26,"Fenwick Legal",software,52.92
P02387,2024-03-10,"Alder Supply",services,1088.6
P02388,2024-12-23,"Gilder Travel",materials,1063.12
P02389,2024-06-06,"Harlow Print",materials,431.59
P02390,2024-04-10,"Alder Supply",logistics,63240.28
P02391,2024-08-30,"Ember IT",logistics,9366.32
P02392,2024-03-27,"Brant Logistics",logistics,389.09
P02393,2024-07-25,"Alder Supply",logistics,743.41
P02394,2024-04-04,"Gilder Travel",software,140.19
P02395,2024-03-07,"Gilder Travel",services,51347.96
P02396,2024-11-21,"Gilder Travel",facilities,3080.41
P02397,2024-06-30,"Fenwick Legal",software,153.74
P02398,2024-04-27,"Brant Logistics",services,117.18
P02399,2024-10-11,"Delvin Facilities",software,5026.78
P02400,2024-04-25,"Ember IT",logistics,9218.81
